Gen,MeanFit,StdFit,MaxFit
0,-127.093,+0.454,-125.953
1,-127.684,+5.261,-125.732
2,-127.648,+3.433,-126.052
3,-127.711,+4.159,-125.831
4,-127.973,+6.073,-125.019
5,-128.031,+7.116,-114.414
6,-129.618,+9.794,-114.649
7,-132.045,+14.898,-89.009
8,-134.735,+20.509,-86.686
9,-138.084,+24.482,-73.636
10,-133.118,+26.264,-74.168
11,-130.590,+24.019,-70.772
12,-127.359,+27.604,-65.172
13,-126.808,+30.904,-56.065
14,-121.471,+32.899,-41.048
15,-124.032,+33.466,-42.577
16,-119.065,+30.862,-38.680
17,-116.304,+32.704,-44.073
18,-113.853,+36.966,+9.075
19,-122.504,+72.634,+4.832
20,-109.529,+39.146,-5.907
21,-233.161,+1213.813,+1.938
22,-199.831,+951.478,+7.103
23,-111.641,+99.505,+12.198
24,-93.944,+47.926,+5.261
25,-95.223,+50.688,+2.737
26,-88.377,+53.589,+26.544
27,-87.397,+54.803,+13.905
28,-86.971,+58.251,+26.182
29,-76.598,+55.409,+18.367
30,-101.042,+222.451,+22.119
31,-78.391,+60.920,+22.596
32,-68.619,+55.049,+23.084
33,-76.313,+58.739,+26.058
34,-75.493,+58.601,+27.838
35,-130.891,+427.793,+26.144
36,-79.349,+61.653,+31.034
37,-83.316,+59.703,+24.583
38,-89.705,+63.346,+25.143
39,-86.153,+70.525,+26.112
40,-87.945,+63.158,+28.025
41,-81.392,+62.855,+24.351
42,-84.514,+67.651,+24.612
43,-78.840,+61.065,+29.498
44,-72.906,+62.173,+24.446
45,-79.947,+67.920,+26.743
46,-80.185,+64.635,+25.935
47,-84.803,+67.864,+27.953
48,-81.674,+67.383,+28.533
49,-74.211,+64.744,+28.212
50,-75.193,+65.376,+29.244
51,-92.090,+72.188,+31.946
52,-76.501,+66.088,+44.978
53,-69.820,+65.486,+40.183
54,-121.519,+345.832,+49.330
55,-78.325,+65.680,+37.392
56,-78.200,+68.035,+36.134
57,-73.059,+64.645,+69.590
58,-77.700,+65.725,+42.879
59,-69.730,+64.218,+41.262
60,-71.682,+63.932,+33.025
61,-84.114,+64.832,+30.488
62,-75.159,+65.894,+34.365
63,-73.851,+70.662,+36.868
64,-81.138,+68.009,+34.046
65,-74.343,+68.802,+43.958
66,-77.960,+69.274,+33.832
67,-68.948,+66.091,+47.061
68,-85.904,+71.756,+30.454
69,-75.910,+70.807,+41.649
70,-75.462,+68.824,+31.213
71,-77.620,+71.325,+36.687
72,-90.568,+103.395,+36.371
73,-82.276,+67.797,+37.164
74,-73.789,+67.254,+35.505
75,-86.114,+68.569,+34.206
76,-70.383,+65.435,+39.472
77,-77.925,+70.498,+44.767
78,-89.547,+70.935,+34.687
79,-76.129,+68.749,+36.786
80,-76.014,+67.388,+38.796
81,-79.768,+65.878,+42.778
82,-73.026,+68.492,+41.215
83,-83.580,+75.306,+36.956
84,-81.370,+66.881,+31.695
85,-80.392,+70.978,+36.369
86,-68.388,+67.962,+40.962
87,-86.237,+71.971,+35.873
88,-73.384,+69.677,+42.194
89,-79.949,+71.670,+41.455
90,-79.636,+74.288,+50.336
91,-75.490,+69.586,+37.691
92,-74.719,+68.061,+43.515
93,-71.769,+67.052,+41.766
94,-77.538,+71.938,+35.180
95,-75.197,+66.656,+36.863
96,-84.307,+70.324,+41.440
97,-68.339,+71.127,+39.753
98,-74.153,+67.330,+36.501
99,-74.295,+68.698,+45.671
100,-70.077,+70.593,+51.486
101,-81.197,+70.177,+62.275
102,-77.176,+65.252,+38.432
103,-77.336,+73.688,+56.249
104,-77.133,+72.019,+43.746
105,-77.103,+70.487,+53.490
106,-75.667,+70.146,+57.816
107,-74.897,+65.036,+67.205
108,-71.912,+70.408,+54.256
109,-76.808,+69.798,+52.605
110,-74.140,+70.303,+45.995
111,-75.654,+68.059,+59.303
112,-75.957,+75.405,+58.474
113,-74.090,+67.602,+60.461
114,-74.145,+71.473,+44.622
115,-78.084,+70.964,+58.457
116,-73.646,+76.708,+85.386
117,-74.727,+71.898,+69.424
118,-70.630,+73.328,+87.419
119,-80.603,+74.443,+73.787
120,-62.751,+70.541,+62.295
121,-70.605,+82.286,+63.155
122,-73.657,+72.265,+73.340
123,-74.535,+75.152,+63.260
124,-73.772,+73.161,+59.542
125,-70.220,+70.813,+67.506
126,-77.963,+71.461,+49.208
127,-77.611,+76.267,+83.467
128,-73.882,+76.035,+67.821
129,-81.440,+106.665,+70.580
130,-75.808,+72.990,+73.921
131,-72.367,+72.358,+76.595
132,-75.204,+83.291,+63.446
133,-74.322,+70.455,+57.127
134,-72.644,+73.570,+73.504
135,-65.467,+68.100,+75.413
136,-77.798,+73.019,+50.827
137,-74.905,+72.214,+46.847
138,-73.854,+70.556,+66.738
139,-77.539,+71.888,+50.747
140,-67.838,+70.484,+66.708
141,-72.951,+71.868,+52.471
142,-65.429,+71.134,+59.535
143,-69.804,+71.019,+51.732
144,-74.442,+70.694,+50.280
145,-72.757,+70.923,+83.873
146,-106.565,+397.253,+72.669
147,-75.296,+77.715,+83.160
148,-65.432,+72.027,+62.450
149,-66.211,+75.067,+68.482
150,-69.475,+73.268,+51.759
151,-66.813,+72.372,+63.699
152,-71.539,+71.539,+73.921
153,-65.551,+69.766,+57.396
154,-79.871,+77.236,+63.364
155,-64.978,+68.571,+51.322
156,-72.314,+73.534,+67.284
157,-71.188,+70.828,+53.246
158,-71.591,+70.679,+77.110
159,-66.023,+72.000,+61.820
160,-76.150,+75.599,+58.692
161,-67.076,+73.398,+57.096
162,-71.264,+74.320,+62.838
163,-65.068,+71.002,+85.466
164,-70.777,+72.881,+71.408
165,-60.670,+73.280,+107.573
166,-66.734,+71.989,+61.931
167,-68.153,+68.394,+64.641
168,-64.946,+75.079,+75.646
169,-64.991,+72.831,+72.898
170,-71.968,+72.741,+70.361
171,-58.938,+69.523,+71.087
172,-71.035,+71.620,+85.103
173,-95.261,+189.754,+55.999
174,-68.461,+75.225,+94.489
175,-73.709,+78.143,+74.922
176,-58.383,+70.683,+66.725
177,-84.143,+81.149,+115.492
178,-64.428,+72.544,+91.627
179,-68.521,+72.076,+80.699
180,-72.810,+69.534,+49.141
181,-65.693,+73.538,+73.241
182,-71.278,+73.694,+64.258
183,-60.783,+68.352,+76.831
184,-60.204,+77.364,+87.719
185,-66.404,+74.697,+72.929
186,-71.140,+73.666,+79.688
187,-67.990,+72.852,+70.688
188,-63.663,+75.415,+89.981
189,-65.161,+75.291,+95.876
190,-72.531,+95.091,+75.525
191,-67.924,+87.269,+92.269
192,-68.113,+70.848,+66.692
193,-68.984,+73.870,+79.513
194,-65.018,+73.774,+83.320
195,-61.449,+76.363,+92.993
196,-55.233,+70.782,+88.640
197,-69.924,+74.223,+61.789
198,-63.834,+71.628,+60.616
199,-65.875,+75.521,+82.342
200,-63.779,+77.187,+67.754
201,-69.092,+74.279,+78.395
202,-70.373,+74.951,+66.499
203,-60.614,+79.361,+63.149
204,-87.725,+177.540,+89.937
205,-64.658,+69.218,+96.711
206,-60.066,+77.190,+78.428
207,-66.066,+71.454,+71.092
208,-70.101,+86.612,+75.353
209,-66.270,+73.657,+78.223
210,-77.001,+91.359,+88.464
211,-59.981,+72.252,+56.519
212,-67.766,+73.559,+85.288
213,-62.718,+73.587,+59.163
214,-76.866,+78.508,+73.225
215,-67.318,+72.273,+94.032
216,-77.747,+80.769,+55.551
217,-67.924,+71.672,+72.871
218,-58.223,+73.872,+61.430
219,-80.856,+126.499,+76.722
220,-56.695,+66.774,+46.176
221,-69.955,+73.111,+88.379
222,-68.469,+73.786,+85.590
223,-70.154,+75.478,+85.005
224,-73.014,+162.483,+73.454
225,-66.452,+76.553,+58.247
226,-71.443,+74.021,+65.272
227,-68.221,+71.588,+61.789
228,-63.198,+71.120,+79.788
229,-64.448,+71.363,+53.594
230,-64.925,+69.869,+79.466
231,-64.923,+71.214,+70.000
232,-67.030,+74.879,+54.439
233,-66.381,+75.755,+47.949
234,-70.703,+77.948,+65.409
235,-62.255,+73.905,+64.449
236,-61.997,+70.039,+56.977
237,-52.126,+69.896,+66.330
238,-63.873,+73.906,+61.252
239,-61.670,+69.462,+47.749
240,-72.200,+75.206,+54.791
241,-170.566,+982.393,+48.285
242,-57.720,+71.856,+58.167
243,-67.203,+73.510,+60.526
244,-63.375,+75.996,+74.876
245,-69.842,+122.536,+54.217
246,-59.012,+68.726,+51.926
247,-79.140,+133.860,+61.980
248,-75.294,+95.385,+66.007
249,-67.024,+72.663,+69.637
250,-73.466,+69.486,+57.781
251,-66.837,+74.653,+69.684
252,-104.524,+366.685,+61.881
253,-67.755,+74.659,+55.910
254,-63.976,+70.353,+76.321
255,-62.607,+73.152,+69.686
256,-59.441,+68.143,+54.306
257,-68.434,+71.781,+57.647
258,-64.176,+71.888,+65.726
259,-69.956,+68.567,+61.106
260,-75.613,+75.076,+56.446
261,-70.624,+83.096,+62.753
262,-62.260,+75.722,+77.670
263,-63.282,+74.983,+70.785
264,-66.791,+75.139,+57.971
265,-62.742,+77.915,+101.534
266,-62.088,+72.524,+61.877
267,-70.093,+70.880,+67.294
268,-67.220,+75.535,+65.163
269,-68.990,+71.433,+53.954
270,-77.173,+77.689,+56.469
271,-69.532,+74.433,+56.067
272,-66.017,+70.607,+62.373
273,-56.885,+71.620,+66.063
274,-66.377,+72.041,+51.642
275,-69.239,+113.253,+62.386
276,-67.695,+72.082,+65.289
277,-70.804,+73.603,+73.610
278,-61.910,+70.534,+54.521
279,-73.000,+73.008,+61.171
280,-65.361,+73.668,+56.901
281,-64.456,+75.112,+59.707
282,-66.362,+73.766,+78.053
283,-60.479,+71.660,+69.380
284,-70.554,+72.663,+79.151
285,-70.755,+77.957,+68.171
286,-60.515,+72.902,+86.670
287,-71.145,+72.807,+78.948
288,-69.148,+81.283,+64.460
289,-67.489,+75.564,+82.713
290,-70.188,+78.117,+89.444
291,-66.905,+84.986,+88.414
292,-59.725,+72.319,+64.412
293,-65.871,+77.543,+54.162
294,-66.132,+74.559,+76.256
295,-71.224,+77.254,+74.240
296,-56.351,+72.280,+63.481
297,-59.578,+71.430,+69.560
298,-64.303,+74.336,+66.193
299,-61.070,+75.125,+69.493
300,-59.226,+75.859,+65.198
301,-65.692,+75.215,+72.013
302,-70.655,+72.195,+83.313
303,-56.478,+71.130,+62.735
304,-53.821,+72.556,+66.273
305,-66.168,+74.847,+86.776
306,-68.464,+75.003,+67.283
307,-59.334,+71.773,+58.024
308,-61.459,+73.803,+80.398
309,-70.484,+78.572,+98.634
310,-61.818,+76.246,+120.389
311,-70.107,+76.424,+99.643
312,-65.525,+74.372,+85.402
313,-63.821,+75.200,+134.082
314,-57.979,+75.177,+127.222
315,-65.376,+75.803,+118.336
316,-57.826,+77.611,+157.432
317,-64.529,+75.975,+143.151
318,-70.109,+77.089,+133.198
319,-66.745,+75.963,+132.873
320,-63.476,+77.516,+116.049
321,-74.182,+78.224,+133.875
322,-59.395,+77.558,+119.982
323,-60.341,+75.631,+119.078
324,-64.167,+73.503,+100.489
325,-85.191,+181.782,+116.082
326,-62.132,+73.958,+131.710
327,-66.758,+74.269,+115.765
328,-65.903,+70.731,+132.934
329,-57.156,+77.615,+122.327
330,-59.653,+75.204,+119.540
331,-54.496,+71.810,+133.846
332,-61.072,+78.716,+116.124
333,-63.228,+76.789,+118.962
334,-77.620,+209.158,+115.473
335,-47.528,+70.069,+134.098
336,-65.401,+80.663,+92.546
337,-71.458,+84.394,+88.500
338,-60.507,+78.416,+113.486
339,-62.777,+77.367,+135.718
340,-69.145,+75.999,+116.800
341,-62.598,+74.195,+111.901
342,-61.989,+78.060,+128.361
343,-65.420,+74.833,+102.150
344,-57.867,+79.304,+105.625
345,-66.851,+75.952,+109.985
346,-53.885,+80.128,+118.174
347,-60.040,+73.339,+118.910
348,-66.021,+77.505,+144.062
349,-55.801,+73.913,+105.031
350,-60.041,+74.392,+112.227
351,-63.397,+79.164,+120.976
352,-62.448,+76.331,+125.774
353,-57.492,+75.121,+141.934
354,-63.102,+75.343,+119.553
355,-54.449,+71.044,+124.505
356,-56.941,+74.744,+116.070
357,-64.184,+75.548,+86.256
358,-58.614,+75.772,+144.487
359,-53.195,+73.713,+106.957
360,-57.564,+75.011,+112.393
361,-56.979,+72.253,+115.894
362,-77.578,+76.334,+89.562
363,-70.571,+88.801,+101.322
364,-59.764,+75.891,+110.449
365,-53.736,+70.111,+130.805
366,-67.243,+77.886,+90.360
367,-72.399,+76.870,+104.071
368,-75.311,+78.739,+105.191
369,-67.583,+77.801,+118.058
370,-61.673,+76.606,+98.367
371,-58.753,+73.708,+116.624
372,-63.937,+76.549,+108.811
373,-60.692,+76.752,+124.701
374,-53.472,+76.307,+94.151
375,-58.547,+94.359,+115.330
376,-56.646,+74.565,+128.437
377,-59.854,+75.214,+134.773
378,-55.669,+72.094,+63.775
379,-61.450,+74.977,+116.441
380,-66.788,+76.893,+117.430
381,-62.295,+76.925,+108.042
382,-57.224,+76.116,+140.664
383,-58.735,+81.086,+117.211
384,-46.405,+76.773,+97.944
385,-47.350,+75.057,+129.571
386,-54.674,+84.268,+92.504
387,-58.956,+84.052,+122.767
388,-43.589,+74.165,+121.172
389,-58.588,+79.628,+120.721
390,-54.599,+76.543,+109.528
391,-57.883,+77.573,+121.271
392,-62.813,+80.536,+121.782
393,-50.549,+75.832,+113.279
394,-51.758,+76.938,+112.544
395,-51.423,+76.788,+122.317
396,-57.132,+79.328,+138.095
397,-44.059,+77.684,+109.876
398,-61.500,+83.265,+120.894
399,-44.947,+75.440,+142.826
400,-47.293,+82.249,+87.292
401,-44.497,+75.748,+108.425
402,-49.719,+78.667,+111.824
403,-55.150,+84.166,+94.837
404,-50.260,+84.483,+139.403
405,-53.276,+81.571,+112.546
406,-56.910,+119.777,+90.261
407,-40.762,+77.498,+124.488
408,-48.150,+89.379,+114.910
409,-46.690,+77.428,+82.250
410,-48.604,+82.357,+109.006
411,-47.974,+81.118,+141.766
412,-43.893,+79.729,+105.625
413,-47.754,+81.422,+110.563
414,-46.938,+83.180,+90.385
415,-84.092,+381.851,+71.759
416,-49.259,+85.393,+121.675
417,-44.262,+83.273,+128.193
418,-45.666,+79.071,+106.896
419,-42.556,+82.645,+107.628
420,-48.772,+81.550,+74.941
421,-62.208,+88.330,+117.474
422,-56.542,+86.631,+132.173
423,-66.499,+130.156,+109.665
424,-62.149,+99.669,+122.625
425,-33.982,+71.123,+73.570
426,-59.451,+91.415,+121.431
427,-38.442,+77.694,+108.042
428,-53.277,+91.787,+110.992
429,-48.276,+81.088,+111.801
430,-54.606,+87.737,+104.139
431,-47.700,+84.530,+114.870
432,-47.084,+88.547,+81.762
433,-46.724,+94.773,+131.400
434,-40.910,+84.686,+116.354
435,-45.354,+86.327,+133.309
436,-37.695,+78.807,+131.578
437,-43.425,+82.125,+106.139
438,-38.303,+81.566,+107.929
439,-47.002,+94.852,+117.163
440,-48.982,+83.913,+90.587
441,-49.964,+89.650,+120.169
442,-40.265,+91.893,+115.104
443,-42.489,+87.249,+119.406
444,-54.893,+92.725,+116.633
445,-42.268,+85.670,+110.217
446,-45.323,+94.950,+129.502
447,-50.473,+81.379,+116.813
448,-47.307,+98.159,+128.945
449,-43.841,+91.141,+132.095
450,-45.938,+86.708,+120.590
451,-37.828,+79.215,+113.706
452,-44.565,+86.732,+130.440
453,-44.949,+85.345,+129.755
454,-44.769,+97.304,+110.040
455,-46.630,+87.633,+129.510
456,-42.611,+86.602,+142.324
457,-47.055,+89.181,+108.528
458,-41.944,+81.098,+109.354
459,-41.321,+86.585,+128.457
460,-50.149,+86.502,+114.663
461,-63.376,+132.575,+118.103
462,-43.258,+84.744,+127.175
463,-50.487,+96.609,+122.674
464,-39.759,+83.124,+119.434
465,-42.959,+90.178,+115.607
466,-41.622,+85.468,+135.394
467,-48.573,+86.149,+116.100
468,-47.762,+86.350,+116.508
469,-52.939,+93.199,+130.559
470,-44.291,+86.848,+96.276
471,-52.933,+145.783,+132.963
472,-42.322,+91.566,+114.471
473,-50.346,+89.246,+115.025
474,-37.697,+85.398,+125.163
475,-45.441,+90.568,+132.643
476,-48.838,+92.745,+132.051
477,-53.927,+95.243,+109.285
478,-58.975,+121.364,+111.928
479,-52.612,+96.191,+112.675
480,-49.978,+89.766,+122.976
481,-49.292,+88.687,+93.115
482,-34.646,+78.939,+119.757
483,-43.287,+91.266,+122.187
484,-37.658,+84.544,+114.712
485,-51.717,+95.054,+148.577
486,-47.664,+88.818,+136.846
487,-47.226,+93.335,+120.578
488,-42.022,+86.967,+141.230
489,-43.486,+89.852,+126.260
490,-53.117,+92.884,+115.885
491,-41.642,+84.840,+115.472
492,-41.124,+85.067,+129.706
493,-42.749,+87.446,+113.423
494,-49.021,+89.671,+115.970
495,-41.696,+92.079,+117.905
496,-35.060,+86.717,+122.374
497,-46.321,+89.766,+130.805
498,-49.932,+91.238,+125.292
499,-46.951,+92.103,+124.062
500,-37.839,+82.619,+118.747
501,-47.296,+94.795,+118.960
502,-29.957,+86.800,+121.458
503,-46.318,+94.299,+104.991
504,-45.382,+90.230,+124.605
505,-36.097,+88.118,+143.243
506,-44.328,+93.517,+145.984
507,-42.363,+89.356,+119.775
508,-41.410,+88.956,+135.815
509,-44.699,+89.642,+132.357
510,-46.849,+115.785,+150.262
511,-42.392,+92.898,+134.604
512,-43.291,+93.699,+116.715
513,-49.211,+91.268,+136.590
514,-38.463,+86.030,+114.255
515,-37.303,+86.136,+138.829
516,-55.996,+94.360,+123.422
517,-45.676,+97.371,+116.022
518,-47.949,+98.268,+104.980
519,-48.500,+89.075,+148.208
520,-65.852,+241.196,+136.604
521,-60.263,+96.895,+111.922
522,-45.615,+98.942,+125.813
523,-35.297,+84.066,+126.335
524,-42.133,+89.250,+124.610
525,-52.189,+113.916,+130.338
526,-42.979,+94.599,+128.892
527,-41.065,+91.566,+118.886
528,-48.155,+91.864,+131.621
529,-47.915,+99.332,+138.043
530,-47.462,+89.773,+121.778
531,-40.058,+91.738,+120.848
532,-50.342,+92.027,+109.232
533,-43.313,+95.287,+118.926
534,-48.546,+96.269,+107.597
535,-47.680,+97.875,+123.061
536,-44.514,+90.529,+114.885
537,-40.057,+91.093,+119.942
538,-49.514,+102.124,+132.720
539,-45.536,+90.667,+122.305
540,-46.336,+91.222,+131.654
541,-52.120,+93.357,+118.582
542,-47.632,+90.796,+110.717
543,-53.212,+98.184,+116.798
544,-48.532,+87.786,+135.440
545,-49.720,+91.407,+127.635
546,-42.908,+88.135,+139.587
547,-41.849,+84.499,+118.563
548,-45.864,+95.683,+149.757
549,-39.782,+88.362,+136.992
550,-46.501,+92.337,+121.085
551,-36.873,+89.305,+121.980
552,-49.115,+98.773,+129.213
553,-45.212,+93.134,+122.473
554,-39.811,+87.175,+134.914
555,-36.621,+88.465,+131.366
556,-44.232,+93.644,+128.269
557,-38.012,+92.918,+131.942
558,-42.273,+92.504,+131.303
559,-36.018,+86.696,+124.934
560,-46.882,+91.108,+123.927
561,-47.365,+90.146,+126.915
562,-47.794,+97.138,+138.789
563,-41.815,+89.298,+117.397
564,-41.104,+88.518,+136.460
565,-47.074,+90.796,+129.209
566,-44.716,+92.767,+110.926
567,-157.549,+1141.839,+133.066
568,-45.194,+92.704,+129.736
569,-39.079,+87.080,+130.864
570,-43.929,+87.757,+119.786
571,-35.972,+87.595,+118.355
572,-37.934,+87.179,+120.106
573,-46.850,+88.275,+142.687
574,-40.065,+91.720,+120.260
575,-52.280,+95.983,+122.123
576,-40.336,+87.541,+116.254
577,-42.261,+89.166,+113.243
578,-38.201,+91.282,+138.829
579,-50.337,+95.174,+130.758
580,-154.238,+1079.748,+118.835
581,-39.171,+85.255,+127.309
582,-36.959,+85.727,+117.096
583,-36.749,+89.956,+143.503
584,-36.116,+87.456,+126.381
585,-38.989,+90.677,+117.854
586,-35.933,+87.536,+132.405
587,-54.057,+108.324,+139.094
588,-47.448,+93.605,+124.688
589,-32.785,+87.059,+157.002
590,-37.409,+88.091,+130.786
591,-41.014,+92.225,+137.684
592,-43.670,+91.978,+137.950
593,-44.299,+93.763,+122.090
594,-34.946,+90.595,+136.298
595,-38.844,+97.735,+129.385
596,-41.165,+89.563,+135.428
597,-38.826,+93.068,+127.778
598,-36.033,+86.314,+113.363
599,-46.091,+92.714,+125.974
600,-49.494,+104.970,+147.810
601,-55.688,+144.571,+128.945
602,-53.898,+98.396,+112.729
603,-31.088,+83.040,+131.021
604,-33.375,+88.813,+129.312
605,-28.758,+88.258,+137.188
606,-51.792,+128.400,+125.911
607,-42.068,+104.648,+143.685
608,-43.892,+93.664,+143.696
609,-48.097,+97.298,+127.372
610,-45.796,+90.270,+134.513
611,-41.864,+97.982,+129.035
612,-45.900,+96.990,+140.423
613,-40.592,+93.541,+128.687
614,-33.739,+89.114,+132.051
615,-41.332,+94.123,+142.760
616,-31.890,+86.071,+133.232
617,-32.832,+89.604,+132.960
618,-57.182,+117.479,+151.482
619,-46.339,+92.820,+134.927
620,-44.380,+94.038,+136.723
621,-46.027,+93.995,+141.872
622,-38.858,+90.834,+117.893
623,-36.816,+91.086,+131.587
624,-47.450,+90.795,+135.822
625,-38.180,+90.269,+136.463
626,-56.962,+107.782,+132.348
627,-49.744,+96.309,+140.148
628,-42.241,+90.407,+124.766
629,-45.423,+93.583,+133.516
630,-51.990,+94.277,+127.272
631,-51.747,+102.731,+129.393
632,-40.537,+89.848,+139.628
633,-34.402,+91.194,+134.272
634,-36.027,+94.634,+137.718
635,-32.493,+89.074,+139.935
636,-41.890,+96.142,+128.810
637,-37.905,+86.447,+135.509
638,-52.554,+104.378,+133.743
639,-41.834,+95.995,+129.295
640,-33.874,+86.267,+124.897
641,-43.909,+99.737,+136.311
642,-46.247,+150.768,+134.112
643,-50.347,+99.304,+124.995
644,-50.059,+117.179,+128.781
645,-37.502,+92.193,+124.666
646,-37.461,+82.476,+136.959
647,-46.879,+91.904,+135.325
648,-43.941,+97.656,+156.923
649,-40.443,+89.407,+134.341
650,-33.672,+90.291,+133.580
651,-53.889,+101.619,+128.962
652,-44.320,+92.107,+121.276
653,-42.468,+97.829,+120.805
654,-24.739,+89.770,+139.587
655,-34.047,+91.378,+130.451
656,-49.751,+112.396,+140.090
657,-39.945,+93.779,+143.715
658,-43.825,+94.525,+144.070
659,-39.287,+95.552,+149.265
660,-34.282,+92.410,+141.042
661,-40.326,+97.661,+122.808
662,-54.557,+201.330,+133.458
663,-32.271,+93.252,+139.048
664,-42.652,+93.750,+135.422
665,-38.458,+98.421,+154.601
666,-38.902,+94.373,+139.994
667,-36.851,+95.823,+154.165
668,-36.967,+105.680,+148.623
669,-31.289,+91.573,+141.551
670,-46.387,+100.300,+142.871
671,-32.919,+104.834,+140.604
672,-39.457,+97.737,+133.433
673,-28.329,+94.288,+148.859
674,-47.223,+97.632,+140.968
675,-45.948,+102.927,+144.700
676,-36.502,+94.748,+141.999
677,-39.393,+92.836,+134.212
678,-40.408,+98.080,+138.335
679,-47.305,+102.004,+148.469
680,-38.775,+95.576,+146.432
681,-37.901,+92.398,+146.636
682,-41.069,+92.356,+140.381
683,-30.283,+92.479,+151.205
684,-30.701,+89.277,+143.489
685,-31.059,+89.210,+150.512
686,-44.030,+98.382,+129.485
687,-34.583,+91.939,+140.772
688,-39.225,+94.869,+140.831
689,-51.121,+102.838,+150.529
690,-38.286,+91.068,+157.333
691,-27.719,+87.472,+142.862
692,-35.239,+92.521,+143.206
693,-41.925,+94.140,+150.569
694,-37.342,+98.305,+139.017
695,-37.836,+90.477,+138.518
696,-31.296,+92.707,+145.590
697,-38.789,+96.743,+143.840
698,-42.216,+94.605,+142.061
699,-42.674,+93.694,+124.915
700,-44.095,+101.010,+142.142
701,-31.467,+92.623,+147.436
702,-46.794,+113.439,+143.227
703,-37.774,+97.463,+127.574
704,-45.630,+103.871,+139.776
705,-33.708,+92.285,+138.122
706,-42.941,+107.464,+136.322
707,-37.458,+92.902,+147.261
708,-39.258,+94.646,+138.059
709,-45.817,+96.944,+149.512
710,-41.287,+92.701,+144.719
711,-35.321,+89.163,+136.033
712,-33.997,+99.750,+133.634
713,-38.990,+101.144,+138.378
714,-41.776,+99.983,+120.032
715,-28.315,+94.031,+154.592
716,-40.772,+97.884,+155.600
717,-29.163,+92.916,+155.102
718,-36.415,+94.577,+157.178
719,-39.691,+93.897,+153.250
720,-33.473,+100.612,+144.629
721,-44.430,+104.286,+150.655
722,-40.921,+123.592,+157.284
723,-49.244,+114.569,+156.908
724,-33.800,+92.456,+148.162
725,-44.546,+102.112,+153.560
726,-41.706,+100.330,+157.983
727,-26.537,+91.854,+149.876
728,-28.865,+96.107,+152.781
729,-25.183,+98.036,+155.559
730,-34.402,+100.714,+150.249
731,-36.095,+94.530,+156.252
732,-31.188,+98.308,+155.754
733,-46.596,+103.036,+151.468
734,-33.588,+102.880,+155.551
735,-35.347,+95.802,+152.994
736,-35.055,+95.995,+150.379
737,-34.913,+95.081,+149.305
738,-37.415,+98.688,+150.147
739,-40.910,+98.097,+156.431
740,-41.340,+110.825,+153.535
741,-57.125,+128.848,+153.054
742,-40.622,+96.133,+154.113
743,-36.814,+96.177,+151.868
744,-37.469,+94.305,+155.472
745,-32.563,+95.403,+148.839
746,-38.886,+91.822,+156.058
747,-38.351,+93.540,+151.352
748,-48.563,+96.005,+152.238
749,-36.166,+99.923,+153.208
750,-37.523,+96.451,+152.085
751,-32.118,+100.220,+152.788
752,-38.636,+100.631,+156.027
753,-44.461,+108.785,+154.769
754,-32.044,+99.698,+163.712
755,-37.384,+98.705,+153.105
756,-25.791,+95.576,+150.498
757,-29.200,+103.488,+154.002
758,-29.124,+93.404,+146.397
759,-43.419,+110.435,+149.538
760,-40.533,+102.522,+148.911
761,-41.332,+104.622,+154.815
762,-33.320,+100.723,+153.287
763,-29.201,+98.214,+148.964
764,-34.199,+101.027,+158.233
765,-39.025,+99.014,+153.567
766,-41.640,+103.741,+147.940
767,-32.103,+99.993,+156.572
768,-32.206,+99.618,+145.100
769,-37.338,+100.547,+154.920
770,-30.005,+92.877,+149.130
771,-34.916,+103.438,+151.610
772,-44.968,+112.113,+149.766
773,-38.866,+95.972,+155.420
774,-36.114,+102.280,+149.894
775,-39.861,+99.393,+154.957
776,-40.290,+103.703,+150.343
777,-31.530,+94.428,+152.753
778,-41.354,+101.797,+151.946
779,-42.863,+97.572,+152.141
780,-41.453,+100.932,+148.866
781,-29.445,+99.632,+154.200
782,-29.867,+98.693,+149.515
783,-33.815,+95.382,+149.288
784,-46.933,+99.689,+158.673
785,-36.103,+100.922,+152.394
786,-36.504,+96.476,+153.184
787,-44.884,+105.260,+156.283
788,-41.744,+100.042,+151.291
789,-54.913,+121.858,+148.902
790,-36.354,+99.654,+148.844
791,-60.191,+182.929,+152.116
792,-43.673,+104.819,+161.971
793,-45.400,+112.361,+162.049
794,-37.031,+101.924,+149.789
795,-37.241,+99.249,+154.472
796,-20.889,+90.968,+157.380
797,-32.269,+95.329,+151.203
798,-31.649,+93.945,+156.476
799,-29.197,+96.875,+153.579
800,-34.598,+95.606,+152.933
801,-31.316,+97.736,+145.880
802,-36.630,+99.967,+156.256
803,-46.718,+162.573,+151.388
804,-30.897,+98.310,+157.167
805,-30.187,+94.318,+153.867
806,-36.098,+102.319,+153.770
807,-47.258,+115.581,+153.562
808,-38.627,+102.619,+155.718
809,-37.154,+98.030,+157.692
810,-34.798,+99.895,+154.442
811,-35.796,+98.161,+155.823
812,-34.603,+104.516,+154.059
813,-36.508,+99.346,+147.981
814,-46.281,+102.274,+147.436
815,-32.117,+94.202,+153.122
816,-32.354,+101.037,+152.899
817,-37.918,+105.590,+155.407
818,-39.269,+106.898,+160.172
819,-27.082,+93.768,+157.293
820,-33.679,+98.507,+157.951
821,-35.226,+99.873,+154.442
822,-34.359,+99.714,+152.692
823,-36.591,+101.022,+153.891
824,-21.367,+98.225,+151.971
825,-24.114,+91.114,+148.458
826,-20.327,+92.361,+159.715
827,-30.581,+106.202,+157.996
828,-17.915,+97.893,+164.098
829,-13.230,+96.808,+160.504
830,-19.035,+94.084,+157.258
831,-17.170,+102.696,+157.530
832,-13.710,+95.576,+162.562
833,-15.082,+99.900,+151.824
834,-17.270,+106.522,+154.687
835,-19.786,+109.847,+152.428
836,-23.403,+108.480,+158.979
837,-26.909,+168.420,+151.853
838,-28.512,+114.877,+155.264
839,-13.687,+104.122,+160.457
840,-11.652,+98.857,+154.417
841,-18.527,+99.256,+160.780
842,-11.541,+100.768,+159.749
843,-9.335,+104.969,+160.054
844,-21.119,+105.444,+163.232
845,-10.814,+102.461,+154.710
846,-8.263,+97.747,+154.721
847,-14.981,+105.459,+160.194
848,-9.806,+100.476,+152.068
849,-9.854,+100.711,+157.246
850,-4.159,+99.132,+160.028
851,-7.953,+102.654,+165.939
852,-7.751,+101.037,+156.676
853,-13.322,+106.493,+161.771
854,-21.512,+105.253,+154.910
855,-7.796,+103.785,+159.716
856,-8.836,+97.535,+162.873
857,-6.378,+101.236,+157.948
858,-10.926,+102.630,+160.326
859,-14.032,+105.186,+158.200
860,-2.217,+101.960,+154.442
861,-13.499,+103.494,+157.105
862,-9.429,+103.227,+158.744
863,+2.452,+95.302,+149.446
864,-19.590,+107.618,+160.781
865,-10.721,+106.344,+161.301
866,-12.990,+105.656,+152.701
867,-13.368,+108.509,+157.136
868,-9.637,+103.631,+157.114
869,-13.282,+106.671,+150.333
870,-16.976,+109.167,+161.981
871,-13.303,+121.381,+160.311
872,-16.292,+104.861,+155.362
873,-18.179,+105.736,+161.482
874,-2.867,+96.073,+156.473
875,-22.946,+113.389,+156.142
876,-8.982,+108.594,+157.386
877,-14.256,+114.602,+161.153
878,-8.731,+102.567,+166.253
879,-19.225,+105.774,+153.851
880,-21.557,+112.315,+159.314
881,-14.009,+106.099,+156.106
882,-16.168,+108.173,+157.990
883,-10.641,+104.899,+159.237
884,-7.582,+98.519,+161.809
885,-13.944,+110.953,+159.594
886,-4.638,+100.981,+161.692
887,-11.995,+104.029,+157.652
888,-11.194,+112.558,+160.279
889,-6.072,+102.777,+153.849
890,-13.202,+104.286,+161.298
891,-12.537,+109.858,+158.602
892,+1.753,+97.784,+161.705
893,-14.354,+116.218,+160.182
894,-16.639,+111.906,+153.772
895,+2.326,+97.834,+159.082
896,-21.062,+116.604,+156.027
897,-11.343,+106.484,+158.037
898,-15.078,+111.524,+157.107
899,-10.183,+106.574,+156.698
900,-4.834,+101.906,+155.394
901,-10.684,+115.650,+156.675
902,-14.773,+119.729,+162.483
903,-8.954,+108.276,+163.704
904,-2.678,+108.399,+156.598
905,-7.257,+115.201,+152.915
906,-6.477,+103.468,+156.569
907,-14.726,+107.928,+161.118
908,-8.327,+108.057,+155.283
909,+1.936,+98.883,+152.923
910,-7.137,+106.465,+154.601
911,-9.817,+111.297,+160.383
912,-6.731,+107.558,+157.318
913,-6.093,+104.290,+156.507
914,-4.982,+120.362,+158.453
915,-13.364,+103.963,+154.307
916,-9.213,+109.057,+159.621
917,-6.209,+105.377,+159.873
918,-6.391,+117.088,+159.025
919,-5.706,+117.545,+160.708
920,-3.365,+109.967,+161.664
921,-9.523,+107.177,+163.030
922,-4.197,+113.789,+160.047
923,-16.328,+127.565,+161.148
924,+3.311,+103.368,+161.108
925,-9.941,+111.879,+155.127
926,-15.304,+146.446,+158.955
927,-14.676,+127.622,+155.797
928,-8.319,+106.130,+160.550
929,-8.982,+113.449,+153.665
930,+1.791,+109.984,+156.412
931,+0.965,+104.975,+154.781
932,-1.492,+110.345,+155.372
933,-6.785,+118.397,+162.539
934,-2.532,+109.345,+159.099
935,-11.779,+115.533,+160.076
936,-10.967,+126.619,+161.155
937,-11.932,+115.412,+156.953
938,+4.277,+107.869,+162.095
939,-10.497,+123.055,+160.462
940,-0.625,+105.751,+163.796
941,-6.305,+111.272,+160.577
942,-9.018,+112.583,+161.778
943,-7.589,+110.766,+161.012
944,-4.387,+105.920,+161.737
945,-3.853,+108.339,+159.243
946,-0.892,+107.813,+161.407
947,+0.943,+105.934,+159.908
948,-25.188,+182.738,+158.289
949,-2.087,+110.223,+159.687
950,-5.317,+109.120,+152.548
951,-10.324,+112.735,+163.624
952,-13.416,+112.647,+158.331
953,+2.781,+101.621,+159.730
954,+0.124,+108.440,+156.584
955,-5.328,+114.619,+164.666
956,-8.650,+115.915,+159.282
957,-6.766,+111.652,+158.642
958,-10.966,+120.821,+158.991
959,+3.109,+104.630,+159.864
960,-13.359,+116.537,+156.800
961,-10.583,+116.171,+158.684
962,-3.423,+110.975,+159.040
963,-13.457,+117.874,+164.206
964,-17.084,+136.346,+157.282
965,-5.274,+114.292,+158.888
966,+4.804,+106.908,+157.971
967,-3.325,+114.548,+161.911
968,-3.485,+109.641,+162.486
969,-4.223,+113.510,+161.333
970,-24.754,+337.855,+160.603
971,+1.945,+108.289,+158.917
972,-6.733,+113.882,+163.030
973,-1.859,+105.356,+160.508
974,+5.208,+101.521,+163.838
975,-43.602,+383.364,+162.940
976,-12.544,+114.560,+161.491
977,+2.850,+104.624,+162.381
978,-7.532,+113.297,+157.348
979,-7.912,+112.289,+162.296
980,+0.125,+109.526,+161.956
981,-5.645,+110.350,+161.126
982,-5.321,+114.387,+159.406
983,-7.317,+118.490,+158.398
984,+1.530,+102.754,+158.667
985,-8.594,+117.175,+160.186
986,-5.535,+112.997,+158.278
987,-3.362,+108.385,+166.411
988,-3.385,+110.711,+162.628
989,-1.595,+110.830,+161.843
990,-2.017,+108.539,+166.685
991,-17.339,+129.297,+161.284
992,-5.211,+110.658,+161.295
993,-2.393,+110.952,+165.613
994,+1.210,+107.822,+161.796
995,-3.883,+119.529,+166.414
996,-10.145,+116.800,+159.569
997,-0.243,+115.030,+165.434
998,+0.126,+113.779,+162.073
999,-3.778,+118.466,+161.935
1000,-31.735,+270.292,+162.679
1001,-6.881,+118.366,+158.506
1002,-11.957,+125.451,+160.919
1003,-1.433,+110.354,+162.681
1004,-16.495,+115.725,+160.058
1005,+3.968,+108.599,+161.168
1006,+8.696,+102.202,+164.175
1007,+1.003,+106.961,+165.382
1008,-4.773,+112.594,+165.395
1009,-1.465,+108.791,+158.117
1010,-8.872,+116.201,+167.280
1011,-10.083,+111.708,+159.330
1012,-2.821,+108.092,+159.003
1013,-8.889,+113.204,+160.946
1014,-6.873,+116.856,+158.704
1015,-0.215,+112.626,+159.975
1016,-8.956,+120.636,+158.047
1017,-3.487,+116.090,+168.617
1018,-0.183,+108.239,+162.322
1019,-0.318,+107.459,+163.089
1020,-1.734,+112.185,+160.839
1021,-2.806,+109.747,+161.156
1022,-4.815,+123.084,+163.286
1023,-6.584,+128.353,+165.960
1024,-2.074,+115.474,+163.793
1025,-5.822,+113.850,+162.898
1026,-7.223,+127.320,+163.297
1027,+4.712,+105.615,+162.935
1028,-50.963,+452.956,+164.377
1029,-11.371,+116.141,+161.097
1030,-0.275,+110.658,+161.383
1031,-1.382,+112.498,+165.353
1032,-2.489,+112.565,+165.938
1033,+3.227,+110.122,+163.070
1034,-3.797,+116.801,+167.494
1035,-5.941,+115.470,+165.732
1036,-15.473,+124.687,+160.986
1037,+2.534,+110.171,+167.549
1038,+13.476,+98.862,+162.818
1039,+1.439,+111.719,+161.977
1040,-4.201,+112.575,+161.784
1041,+1.000,+105.824,+163.233
1042,-7.756,+117.501,+165.133
1043,+4.148,+106.514,+162.712
1044,-2.892,+113.766,+167.038
1045,-28.788,+212.676,+163.887
1046,-2.953,+118.549,+163.503
1047,+3.579,+105.088,+164.011
1048,-2.339,+111.444,+162.836
1049,-17.504,+131.875,+162.196
1050,-5.661,+112.808,+165.667
1051,-4.297,+128.239,+163.335
1052,+5.468,+107.150,+162.625
1053,-18.113,+126.776,+165.653
1054,-10.438,+122.665,+165.765
1055,+0.245,+109.849,+162.968
1056,-6.024,+120.495,+164.571
1057,-10.363,+121.806,+163.214
1058,-4.626,+114.648,+164.546
1059,-11.979,+137.889,+164.601
1060,-6.134,+116.447,+165.278
1061,-4.843,+111.773,+166.707
1062,-6.413,+116.560,+170.338
1063,-11.463,+118.311,+165.084
1064,-10.322,+128.394,+162.386
1065,-9.465,+123.257,+163.907
1066,-0.889,+109.138,+169.105
1067,-4.078,+114.141,+164.557
1068,-3.182,+113.547,+163.944
1069,-26.383,+204.598,+162.596
1070,+12.541,+106.076,+165.354
1071,+0.330,+108.548,+165.382
1072,+5.513,+106.091,+163.267
1073,-7.477,+144.445,+164.434
1074,-4.452,+117.566,+165.333
1075,-0.758,+111.229,+166.291
1076,-7.620,+130.577,+166.992
1077,-2.307,+117.473,+163.615
1078,-11.474,+117.622,+162.920
1079,+6.579,+105.447,+164.303
1080,+6.830,+106.166,+164.225
1081,+2.680,+114.757,+162.716
1082,-2.285,+116.107,+165.152
1083,+3.221,+119.113,+168.474
1084,-10.732,+126.799,+163.067
1085,-8.071,+129.303,+163.680
1086,-11.369,+123.899,+167.130
1087,-15.810,+143.622,+165.517
1088,-7.528,+116.303,+161.658
1089,+4.788,+113.156,+163.251
1090,-0.233,+113.617,+161.486
1091,-0.929,+119.654,+162.306
1092,-8.800,+119.848,+163.914
1093,+1.777,+115.018,+161.475
1094,+2.015,+113.211,+162.668
1095,-12.103,+134.409,+162.811
1096,-0.783,+110.583,+164.839
1097,-2.036,+112.625,+161.397
1098,-8.783,+132.110,+161.905
1099,-0.568,+112.953,+163.915
1100,+8.871,+113.262,+167.241
1101,-8.805,+138.400,+165.462
1102,+0.350,+110.436,+161.345
1103,-5.612,+114.048,+165.653
1104,+3.147,+107.722,+162.200
1105,+5.491,+111.552,+165.374
1106,-4.973,+138.521,+164.443
1107,-4.227,+115.038,+162.674
1108,+10.619,+112.019,+165.312
1109,-5.069,+112.521,+162.738
1110,-10.707,+118.377,+163.832
1111,-7.066,+126.282,+163.724
1112,-6.901,+124.871,+163.839
1113,+5.779,+110.224,+166.104
1114,-7.346,+128.909,+164.664
1115,+0.890,+120.028,+168.747
1116,+13.015,+103.910,+166.143
1117,+6.524,+110.200,+166.536
1118,+2.594,+111.407,+162.598
1119,-1.706,+117.052,+163.243
1120,+1.155,+115.650,+167.195
1121,-0.620,+114.295,+167.709
1122,+4.174,+114.705,+163.432
1123,-2.377,+112.246,+162.629
1124,-2.732,+118.974,+161.839
1125,-3.632,+117.467,+160.342
1126,-4.323,+130.821,+163.408
1127,-0.031,+116.523,+166.347
1128,+5.360,+107.211,+165.322
1129,-1.107,+114.749,+165.085
1130,-5.614,+131.559,+165.419
1131,-4.872,+116.228,+165.439
1132,+11.161,+104.152,+164.131
1133,-8.727,+117.651,+163.957
1134,+4.038,+110.755,+165.195
1135,-11.636,+126.345,+162.058
1136,-1.171,+117.553,+160.044
1137,-16.806,+203.084,+162.403
1138,+1.417,+114.341,+166.983
1139,+1.052,+114.724,+161.989
1140,+0.993,+113.860,+164.704
1141,+8.234,+108.108,+164.188
1142,+4.610,+113.939,+163.232
1143,+8.014,+107.408,+167.223
1144,-3.117,+123.434,+162.874
1145,-5.506,+116.297,+164.952
1146,-1.273,+112.681,+162.458
1147,-16.903,+170.488,+163.555
1148,+0.611,+118.711,+166.595
1149,-1.906,+120.855,+168.029
1150,-0.615,+112.746,+163.720
1151,+5.259,+112.861,+163.717
1152,+0.277,+114.308,+162.131
1153,+1.158,+119.913,+162.878
1154,-4.501,+168.987,+167.331
1155,+4.405,+112.005,+165.820
1156,+2.439,+110.972,+162.220
1157,-3.533,+129.830,+167.604
1158,+4.782,+112.684,+162.797
1159,-1.119,+116.806,+163.781
1160,-7.183,+136.906,+164.374
1161,-7.255,+154.144,+164.305
1162,-10.286,+129.842,+161.130
1163,-4.242,+120.937,+161.927
1164,-1.849,+117.147,+166.106
1165,+0.275,+126.752,+163.190
1166,+8.530,+107.221,+163.436
1167,-4.815,+141.018,+164.265
1168,-5.629,+118.735,+165.490
1169,-7.674,+117.889,+165.327
1170,-10.112,+129.830,+167.375
1171,-23.706,+170.686,+164.337
1172,-9.173,+114.033,+167.663
1173,-5.723,+119.967,+165.191
1174,+10.208,+106.363,+163.410
1175,-2.759,+116.756,+161.698
1176,-0.379,+119.028,+165.286
1177,-4.894,+119.805,+163.467
1178,-26.751,+296.693,+165.708
1179,+8.432,+110.122,+162.798
1180,+1.659,+112.038,+162.561
1181,-11.892,+123.133,+163.502
1182,-1.492,+112.463,+162.100
1183,-0.881,+113.592,+162.361
1184,+7.000,+115.157,+165.515
1185,+3.709,+110.727,+166.541
1186,+3.819,+111.743,+163.861
1187,-0.201,+122.587,+164.230
1188,-2.539,+113.688,+164.705
1189,-10.372,+173.107,+169.937
1190,+3.984,+108.958,+168.211
1191,+2.343,+113.911,+162.748
1192,-1.902,+115.531,+164.503
1193,-3.352,+137.663,+163.069
1194,-1.572,+112.376,+164.237
1195,-8.087,+201.159,+162.654
1196,-7.954,+127.544,+163.616
1197,-2.767,+120.880,+164.090
1198,-2.899,+118.991,+166.419
1199,+12.202,+106.679,+163.002
1200,+1.576,+116.166,+163.120
1201,-6.571,+118.100,+167.582
1202,-7.297,+132.993,+163.212
1203,-3.504,+116.454,+164.570
1204,+1.119,+110.556,+165.311
1205,-0.686,+116.500,+167.163
1206,+0.054,+112.339,+162.675
1207,+1.292,+115.616,+167.055
1208,-0.311,+112.781,+165.590
1209,-5.309,+112.515,+168.089
1210,-9.203,+131.532,+163.072
1211,-2.600,+115.629,+165.967
1212,-1.145,+115.781,+166.960
1213,-2.740,+122.657,+164.184
1214,-1.920,+115.306,+166.919
1215,+7.715,+110.171,+163.939
1216,-18.369,+274.567,+165.158
1217,+6.143,+118.478,+165.402
1218,-3.393,+115.104,+164.747
1219,+13.472,+102.726,+165.564
1220,-11.271,+131.140,+169.233
1221,+0.399,+119.280,+163.533
1222,+4.179,+122.073,+165.069
1223,+4.800,+114.521,+161.647
1224,-6.403,+130.928,+164.161
1225,-8.876,+125.474,+166.196
1226,+0.038,+131.256,+163.043
1227,-2.143,+124.716,+165.968
1228,-10.417,+119.322,+165.663
1229,+0.157,+113.975,+164.551
1230,+7.541,+121.266,+165.393
1231,+2.872,+115.133,+162.201
1232,-3.471,+116.797,+162.371
1233,-2.972,+126.666,+159.887
1234,+1.478,+114.120,+164.619
1235,-4.295,+143.769,+163.427
1236,-16.440,+137.866,+163.062
1237,-3.634,+115.369,+165.015
1238,+2.987,+114.114,+166.596
1239,+9.800,+107.646,+163.968
1240,+6.077,+107.989,+162.179
1241,+2.791,+122.791,+163.678
1242,+5.924,+106.069,+165.444
1243,+1.508,+116.244,+165.553
1244,+3.243,+113.182,+161.202
1245,-1.295,+119.352,+164.885
1246,+1.575,+125.080,+165.828
1247,+1.998,+114.881,+161.227
1248,+8.884,+106.974,+167.137
1249,+0.381,+111.076,+162.609
1250,+1.549,+114.709,+163.601
1251,-9.482,+122.788,+161.432
1252,+0.319,+119.664,+161.886
1253,-6.638,+118.873,+162.132
1254,+2.372,+112.364,+162.315
1255,-1.312,+111.075,+163.388
1256,+15.262,+102.089,+165.781
1257,+0.873,+112.319,+161.818
1258,-7.887,+120.466,+164.266
1259,-8.326,+117.122,+163.935
1260,+7.952,+107.619,+167.166
1261,-2.369,+120.550,+166.126
1262,+13.099,+109.015,+162.750
1263,-4.044,+118.760,+165.953
1264,-1.928,+131.522,+164.426
1265,-3.034,+120.385,+163.004
1266,+0.314,+113.066,+164.346
1267,-12.024,+142.258,+165.332
1268,-17.806,+161.557,+164.095
1269,+8.324,+103.979,+160.931
1270,-1.156,+121.268,+162.406
1271,+3.711,+118.882,+164.143
1272,-1.493,+116.521,+166.645
1273,-4.140,+113.975,+169.732
1274,+9.853,+111.332,+166.134
1275,-1.206,+122.744,+166.460
1276,-16.924,+136.829,+164.211
1277,-5.632,+141.805,+163.470
1278,+4.965,+112.448,+162.768
1279,-12.420,+132.470,+163.976
1280,-18.348,+166.642,+164.481
1281,+0.063,+121.860,+165.569
1282,+4.959,+113.107,+165.886
1283,-4.419,+121.148,+164.997
1284,-6.510,+121.818,+163.973
1285,+7.931,+115.752,+165.676
1286,-4.306,+116.422,+162.028
1287,-3.302,+121.045,+164.343
1288,+16.110,+109.620,+169.243
1289,+0.778,+121.078,+165.848
1290,+0.043,+131.535,+165.262
1291,-0.978,+114.420,+167.050
1292,+3.788,+112.017,+165.656
1293,-17.818,+218.132,+163.806
1294,-5.762,+141.702,+162.608
1295,-0.664,+129.463,+164.129
1296,-4.129,+120.787,+166.464
1297,-4.354,+116.801,+163.094
1298,+9.057,+106.429,+165.198
1299,-5.728,+121.777,+166.620
1300,+1.420,+109.650,+162.661
1301,-10.090,+219.035,+167.030
1302,-0.608,+120.291,+166.844
1303,+0.008,+113.546,+163.293
1304,-4.318,+122.852,+162.628
1305,-0.703,+118.967,+165.897
1306,-3.851,+139.551,+165.548
1307,+0.364,+112.848,+164.325
1308,-6.291,+121.695,+163.207
1309,-0.494,+126.851,+161.846
1310,+5.277,+112.370,+159.759
1311,-5.764,+137.310,+164.140
1312,+2.982,+116.908,+165.001
1313,-4.250,+119.542,+163.405
1314,+2.536,+110.751,+167.469
1315,+4.060,+112.980,+165.500
1316,-0.012,+112.899,+169.221
1317,+1.138,+112.271,+165.711
1318,-2.326,+119.201,+162.631
1319,+1.144,+111.190,+165.100
1320,-13.970,+149.904,+162.816
1321,-0.937,+122.108,+163.350
1322,+4.934,+109.544,+163.198
1323,+6.511,+108.993,+164.297
1324,+12.225,+107.182,+165.023
1325,-23.248,+286.363,+162.783
1326,-0.173,+115.500,+165.322
1327,-4.936,+118.820,+162.421
1328,+2.612,+116.734,+168.274
1329,-12.884,+173.378,+162.553
1330,-3.625,+121.664,+164.328
1331,-2.963,+120.183,+165.262
1332,+3.871,+111.992,+164.169
1333,+2.909,+113.621,+164.168
1334,-13.128,+121.878,+162.784
1335,-10.343,+132.742,+168.047
1336,-3.431,+131.366,+163.088
1337,+0.178,+118.757,+163.583
1338,-2.189,+114.873,+162.877
1339,+0.947,+117.250,+165.674
1340,-2.659,+118.930,+163.318
1341,+2.799,+116.878,+166.091
1342,+4.825,+109.100,+162.997
1343,+14.350,+103.997,+162.423
1344,-3.512,+118.599,+163.353
1345,+8.117,+107.372,+166.946
1346,+6.546,+107.862,+164.073
1347,+5.041,+110.092,+163.287
1348,+1.267,+115.274,+166.957
1349,+5.032,+124.532,+164.676
1350,+6.396,+107.434,+164.220
1351,+17.340,+102.865,+164.169
1352,-4.495,+132.649,+166.781
1353,+7.607,+125.392,+167.388
1354,-9.818,+131.857,+162.920
1355,-1.462,+123.935,+167.971
1356,+0.427,+111.746,+163.840
1357,+3.497,+111.057,+165.028
1358,+3.580,+111.794,+162.696
1359,+5.830,+112.276,+165.954
1360,+5.295,+116.630,+163.866
1361,+3.167,+129.850,+164.041
1362,+12.717,+108.509,+164.383
1363,-0.323,+132.775,+166.180
1364,+4.386,+153.295,+168.989
1365,+4.811,+110.490,+164.872
1366,+0.853,+126.025,+165.994
1367,+14.564,+108.604,+162.842
1368,+0.307,+116.009,+163.316
1369,+10.506,+111.469,+165.721
1370,+6.527,+112.359,+164.143
1371,+4.237,+116.242,+169.947
1372,+2.152,+122.493,+161.783
1373,+3.323,+114.227,+167.649
1374,+8.022,+108.791,+164.057
1375,+3.710,+113.146,+169.189
1376,+3.791,+113.433,+164.704
1377,+6.941,+116.736,+163.328
1378,-3.093,+124.558,+168.318
1379,+6.111,+114.703,+162.470
1380,+7.778,+114.393,+163.184
1381,+6.960,+110.580,+167.153
1382,+4.041,+137.210,+167.039
1383,+4.375,+110.195,+163.935
1384,+2.261,+110.922,+165.739
1385,+16.146,+103.617,+161.785
1386,+21.125,+101.239,+164.174
1387,+9.934,+107.673,+164.966
1388,+4.080,+109.804,+164.178
1389,+13.561,+110.896,+164.413
1390,+4.491,+169.489,+162.690
1391,+3.199,+112.118,+163.366
1392,+9.983,+107.705,+161.534
1393,+6.215,+114.607,+164.346
1394,+5.780,+117.434,+165.790
1395,+3.593,+113.522,+164.818
1396,+11.693,+107.738,+163.194
1397,+8.012,+111.426,+166.430
1398,+11.383,+109.200,+163.131
1399,+5.990,+113.762,+163.591
1400,+4.734,+112.765,+166.522
1401,+12.024,+108.930,+166.198
1402,+5.143,+112.559,+161.094
1403,+5.228,+114.502,+163.435
1404,+2.363,+146.019,+165.216
1405,+8.565,+108.782,+167.709
1406,+8.887,+115.236,+165.455
1407,+4.335,+111.707,+162.606
1408,-6.274,+140.797,+171.656
1409,+3.695,+111.772,+165.530
1410,+16.591,+106.326,+167.309
1411,+15.048,+103.482,+163.850
1412,+12.336,+107.909,+165.514
1413,-1.738,+118.453,+161.641
1414,+10.274,+119.607,+164.441
1415,-1.619,+121.426,+162.825
1416,+8.948,+112.951,+164.537
1417,+8.294,+107.969,+161.706
1418,+2.735,+130.231,+165.349
1419,+11.581,+111.456,+162.559
1420,+16.437,+104.768,+164.159
1421,+13.445,+110.579,+161.939
1422,+5.667,+112.001,+166.378
1423,+3.241,+113.134,+165.162
1424,+18.352,+105.900,+168.053
1425,+6.556,+110.194,+162.293
1426,+17.872,+103.374,+161.070
1427,-1.800,+136.027,+162.637
1428,+16.243,+106.642,+162.153
1429,+9.694,+108.683,+162.519
1430,+11.150,+112.103,+163.188
1431,+10.680,+118.962,+164.026
1432,+17.213,+105.965,+163.431
1433,+18.498,+104.771,+161.445
1434,+19.433,+106.670,+166.407
1435,+9.203,+107.565,+166.769
1436,+20.204,+101.827,+164.056
1437,+2.518,+129.821,+163.011
1438,+9.478,+115.914,+164.587
1439,+6.556,+117.935,+167.046
1440,+19.924,+101.296,+162.697
1441,+14.109,+105.787,+164.420
1442,+8.356,+118.374,+165.445
1443,-13.169,+206.694,+164.393
1444,-28.347,+395.654,+165.275
1445,-1.473,+121.980,+164.615
1446,+9.422,+113.194,+167.004
1447,-1.892,+122.884,+165.524
1448,+10.459,+125.366,+168.003
1449,+9.307,+134.962,+163.243
1450,+9.892,+112.827,+163.795
1451,+9.109,+115.827,+166.333
1452,+17.999,+105.291,+163.902
1453,+23.979,+101.136,+165.585
1454,+8.523,+111.589,+165.493
1455,+14.534,+106.927,+162.668
1456,+12.186,+106.392,+165.557
1457,+5.996,+122.696,+164.126
1458,+11.778,+107.716,+166.074
1459,+13.691,+112.078,+166.377
1460,+5.961,+115.125,+164.650
1461,+8.356,+111.035,+165.316
1462,+4.247,+115.364,+164.097
1463,-0.401,+116.960,+161.974
1464,+10.627,+112.990,+167.223
1465,+5.834,+116.007,+164.893
1466,+10.274,+106.829,+162.155
1467,-2.946,+121.244,+164.463
1468,-0.764,+159.871,+163.037
1469,+9.161,+119.603,+167.126
1470,+3.548,+114.818,+166.472
1471,+8.986,+109.907,+164.098
1472,+7.327,+112.199,+162.729
1473,+15.853,+104.689,+165.532
1474,+4.823,+114.520,+164.847
1475,+1.069,+119.536,+163.122
1476,+4.858,+117.976,+162.899
1477,+7.100,+122.539,+163.178
1478,+12.306,+113.810,+163.615
1479,+11.267,+109.054,+165.293
1480,-2.876,+119.077,+164.252
1481,+14.252,+108.760,+165.524
1482,+9.115,+109.593,+164.162
1483,+19.218,+105.633,+165.645
1484,+7.237,+112.115,+165.994
1485,+12.056,+111.068,+167.496
1486,-22.467,+309.455,+171.095
1487,+6.974,+117.083,+167.458
1488,+11.909,+109.294,+162.985
1489,+10.163,+114.658,+167.443
1490,+7.849,+110.661,+165.455
1491,+25.135,+101.186,+163.734
1492,+9.852,+110.036,+163.333
1493,+6.628,+117.765,+164.149
1494,+10.565,+117.180,+166.634
1495,+18.130,+108.926,+165.516
1496,+11.349,+112.335,+161.741
1497,+12.031,+113.176,+169.357
1498,+12.447,+119.574,+165.998
1499,+11.496,+107.258,+166.529
1500,+7.051,+107.856,+166.856
1501,+6.006,+115.576,+167.162
1502,+14.375,+107.495,+165.299
1503,+11.490,+112.553,+163.226
1504,+6.233,+114.467,+164.755
1505,+2.692,+135.329,+165.362
1506,+1.570,+131.444,+161.555
1507,+10.361,+110.728,+163.348
1508,+10.919,+110.798,+164.527
1509,+13.552,+105.283,+172.351
1510,+10.748,+112.148,+165.638
1511,+11.288,+111.358,+163.150
1512,+14.256,+110.732,+165.252
1513,+13.552,+112.785,+162.952
1514,+9.921,+115.614,+164.013
1515,+4.074,+118.949,+162.497
1516,+10.759,+107.739,+163.281
1517,+11.272,+109.368,+166.710
1518,+14.119,+105.458,+164.945
1519,-5.430,+157.448,+165.089
1520,+10.110,+111.206,+167.242
1521,+11.813,+107.391,+166.621
1522,-5.020,+135.847,+164.691
1523,+1.696,+145.241,+168.426
1524,+6.191,+119.415,+165.582
1525,+6.721,+127.316,+168.300
1526,+7.827,+119.041,+163.280
1527,-7.512,+135.141,+162.463
1528,+10.717,+114.694,+162.077
1529,+14.049,+106.815,+166.028
1530,+9.580,+124.061,+164.436
1531,+17.807,+108.294,+166.912
1532,+15.001,+110.158,+163.750
1533,+10.691,+108.923,+166.682
1534,+10.766,+118.832,+162.831
1535,+11.111,+113.225,+165.650
1536,+9.688,+121.934,+162.037
1537,+19.146,+108.287,+163.893
1538,+13.506,+109.039,+165.165
1539,+10.093,+106.965,+164.441
1540,+5.292,+116.024,+163.076
1541,+13.424,+113.525,+165.463
1542,+5.474,+121.924,+165.449
1543,+22.193,+100.809,+163.329
1544,+6.153,+117.020,+163.930
1545,+10.689,+108.842,+162.560
1546,+5.305,+118.435,+163.331
1547,+9.849,+121.458,+169.110
1548,+12.247,+115.638,+167.688
1549,+6.480,+115.627,+164.646
1550,+10.795,+112.847,+167.891
1551,+11.345,+119.406,+165.338
1552,+13.442,+112.978,+166.015
1553,+17.393,+109.861,+181.098
1554,+12.939,+111.684,+164.738
1555,+10.888,+116.640,+166.240
1556,+19.848,+106.202,+162.354
1557,+13.365,+116.287,+164.721
1558,+11.385,+117.811,+167.011
1559,+15.363,+116.310,+166.879
1560,+14.260,+113.794,+164.157
1561,+17.292,+107.412,+166.168
1562,+15.041,+111.119,+164.166
1563,+14.363,+130.097,+166.865
1564,+19.003,+125.269,+168.601
1565,+17.287,+115.983,+173.293
1566,+6.397,+117.562,+182.257
1567,+14.238,+123.456,+169.539
1568,+21.770,+113.291,+166.192
1569,+23.868,+124.696,+163.797
1570,+13.370,+115.494,+167.551
1571,+30.506,+107.008,+174.854
1572,+18.753,+117.775,+168.071
1573,+28.535,+118.979,+182.810
1574,+32.326,+106.359,+178.165
1575,+26.144,+114.775,+179.001
1576,+21.237,+125.397,+176.111
1577,+17.298,+129.861,+174.361
1578,+30.031,+113.152,+178.455
1579,+24.004,+118.055,+177.297
1580,+15.890,+127.468,+182.724
1581,+31.387,+117.163,+177.822
1582,+36.442,+109.786,+181.771
1583,+24.520,+138.915,+183.185
1584,+32.496,+120.440,+181.866
1585,+28.432,+121.250,+180.036
1586,+23.020,+124.436,+180.604
1587,+20.356,+129.025,+181.519
1588,+30.732,+116.633,+180.671
1589,+25.064,+120.977,+181.626
1590,+25.569,+124.268,+178.968
1591,+17.250,+130.825,+183.405
1592,+34.461,+117.283,+180.584
1593,+24.340,+122.292,+181.355
1594,+12.891,+137.596,+178.896
1595,+27.455,+116.670,+181.782
1596,+28.588,+123.792,+181.963
1597,+33.426,+109.025,+185.408
1598,+24.757,+132.202,+183.785
1599,+20.882,+166.307,+182.284
1600,+26.732,+123.008,+182.798
1601,+35.224,+112.661,+179.227
1602,+23.464,+137.297,+186.235
1603,+19.542,+132.741,+183.207
1604,+31.138,+114.511,+178.750
1605,+26.500,+124.471,+183.068
1606,+30.938,+119.053,+179.543
1607,+31.475,+119.778,+181.548
1608,+27.907,+124.726,+181.531
1609,+25.261,+123.444,+177.906
1610,+26.267,+128.290,+181.987
1611,+28.831,+118.657,+177.932
1612,+31.347,+118.923,+181.488
1613,+28.701,+120.945,+183.446
1614,+25.429,+125.826,+182.308
1615,+29.754,+116.318,+178.895
1616,-3.760,+383.788,+180.650
1617,+35.186,+118.505,+182.561
1618,+23.459,+135.432,+183.495
1619,+24.160,+119.889,+178.740
1620,+15.300,+135.844,+179.522
1621,+31.113,+117.003,+176.966
1622,+20.247,+129.212,+182.042
1623,+28.668,+126.383,+180.345
1624,+31.007,+121.668,+178.571
1625,+35.759,+115.341,+180.661
1626,+33.578,+121.258,+181.482
1627,+31.815,+121.818,+183.254
1628,+36.466,+119.223,+182.190
1629,+34.965,+115.390,+180.219
1630,+26.317,+127.217,+179.617
1631,+23.438,+122.650,+185.639
1632,+19.597,+139.835,+181.608
1633,+28.816,+124.497,+178.513
1634,-10.043,+391.172,+178.326
1635,+33.696,+130.538,+181.935
1636,+29.459,+120.209,+182.697
1637,+24.301,+118.607,+187.196
1638,+25.929,+126.946,+189.265
1639,+26.908,+118.798,+178.420
1640,+32.467,+115.828,+184.597
1641,+31.533,+114.690,+184.341
1642,+32.594,+120.976,+180.665
1643,+25.788,+121.613,+180.405
1644,+19.452,+130.494,+181.688
1645,+27.490,+128.540,+182.981
1646,+26.315,+122.939,+181.403
1647,+39.727,+111.438,+180.083
1648,+31.602,+121.656,+178.095
1649,+15.219,+139.158,+181.043
1650,+21.811,+142.997,+184.767
1651,+18.116,+140.654,+182.543
1652,+24.407,+122.411,+184.659
1653,+21.244,+129.696,+182.216
1654,-1.946,+238.191,+177.893
1655,+6.882,+138.108,+177.631
1656,+29.279,+120.597,+182.483
1657,+21.132,+140.406,+183.567
1658,+23.883,+127.415,+174.881
1659,+32.487,+120.859,+186.243
1660,+25.480,+131.402,+182.846
1661,+21.749,+129.510,+181.247
1662,+17.606,+142.260,+183.616
1663,-9.806,+353.410,+183.109
1664,+32.981,+117.330,+181.997
1665,+24.881,+122.498,+179.448
1666,+33.234,+121.742,+179.419
1667,+27.044,+127.965,+180.669
1668,+33.754,+116.102,+182.831
1669,+30.140,+124.578,+180.522
1670,+21.556,+123.238,+181.344
1671,+27.992,+124.754,+183.835
1672,+32.845,+120.334,+183.179
1673,+21.487,+132.876,+184.751
1674,+30.449,+118.707,+185.378
1675,+25.358,+130.945,+180.436
1676,+39.042,+111.349,+180.513
1677,+22.417,+127.757,+185.699
1678,+29.069,+120.154,+181.525
1679,+30.446,+128.840,+185.588
1680,+19.639,+133.304,+186.017
1681,+16.187,+138.494,+181.966
1682,+30.306,+134.682,+178.527
1683,+18.773,+139.125,+183.635
1684,+31.750,+116.671,+183.026
1685,+25.510,+124.924,+182.536
1686,+38.547,+111.789,+178.865
1687,+20.965,+155.494,+186.433
1688,+21.627,+138.250,+181.493
1689,+25.342,+136.280,+183.158
1690,+30.759,+124.000,+184.602
1691,+34.517,+120.483,+179.927
1692,+18.538,+135.744,+182.944
1693,+33.970,+120.819,+183.804
1694,+22.191,+136.710,+182.368
1695,+42.255,+127.620,+183.147
1696,+20.003,+127.578,+181.925
1697,+32.700,+124.095,+186.166
1698,+29.097,+128.189,+182.915
1699,+39.381,+117.652,+186.522
1700,+35.449,+112.261,+182.060
1701,+9.164,+171.375,+182.714
1702,+34.047,+115.570,+182.960
1703,+31.142,+123.668,+180.417
1704,+26.766,+132.693,+180.132
1705,+25.453,+127.419,+180.453
1706,+28.636,+133.558,+185.786
1707,+28.436,+129.408,+183.298
1708,+13.788,+143.669,+184.624
1709,+30.137,+117.712,+184.219
1710,+18.174,+133.431,+184.332
1711,+27.680,+128.251,+182.377
1712,+26.032,+124.806,+184.227
1713,+31.761,+117.990,+182.668
1714,+18.351,+131.871,+181.243
1715,+22.810,+126.743,+182.106
1716,+27.465,+125.371,+181.765
1717,+25.798,+157.698,+181.258
1718,+33.178,+121.818,+182.916
1719,+23.116,+160.062,+183.762
1720,+32.627,+121.947,+183.430
1721,+32.301,+126.441,+184.060
1722,+13.779,+152.358,+181.541
1723,+34.905,+122.523,+182.989
1724,+10.674,+153.345,+182.476
1725,+37.286,+119.874,+186.163
1726,+29.252,+125.006,+184.702
1727,+24.484,+124.474,+184.463
1728,+21.967,+128.734,+183.569
1729,+27.436,+121.243,+182.894
1730,+44.994,+110.274,+183.818
1731,+33.780,+117.728,+181.348
1732,+35.960,+118.614,+183.267
1733,+20.494,+131.413,+186.351
1734,+39.077,+112.114,+183.906
1735,+33.967,+121.791,+184.564
1736,+24.582,+131.362,+188.414
1737,+19.202,+137.588,+187.749
1738,+13.514,+155.855,+190.142
1739,+32.233,+120.011,+185.629
1740,+38.154,+118.638,+191.415
1741,+30.497,+125.841,+185.143
1742,+15.670,+146.800,+183.443
1743,+38.907,+120.525,+185.893
1744,+31.910,+120.120,+192.421
1745,+22.806,+132.168,+189.535
1746,+26.528,+127.216,+186.166
1747,+20.594,+131.130,+182.881
1748,+26.653,+128.843,+183.383
1749,+29.131,+141.071,+185.929
1750,+20.426,+176.186,+183.974
1751,+18.430,+162.457,+183.271
1752,+15.358,+171.879,+184.325
1753,+5.805,+160.099,+187.553
1754,+25.919,+131.319,+183.697
1755,+22.578,+140.631,+186.863
1756,+22.636,+131.662,+185.502
1757,+20.404,+125.577,+190.662
1758,+24.195,+124.544,+187.738
1759,+37.060,+119.160,+186.710
1760,+10.278,+173.566,+187.724
1761,+29.160,+124.828,+188.307
1762,+32.472,+124.075,+184.137
1763,+20.910,+130.410,+185.429
1764,+30.714,+131.894,+183.816
1765,+22.080,+130.250,+187.642
1766,+26.060,+129.449,+182.484
1767,+15.595,+144.729,+191.506
1768,+22.425,+128.070,+185.924
1769,+30.484,+121.986,+190.708
1770,+32.936,+121.204,+183.340
1771,+29.333,+129.386,+188.293
1772,+23.595,+155.265,+189.064
1773,+22.372,+128.162,+185.684
1774,+31.078,+131.509,+184.444
1775,+24.076,+144.972,+184.419
1776,+28.780,+123.826,+186.717
1777,+17.785,+192.749,+187.285
1778,+32.569,+122.459,+183.258
1779,+26.054,+133.566,+185.786
1780,+30.616,+136.029,+185.753
1781,+23.963,+137.329,+185.692
1782,+17.300,+141.177,+188.319
1783,+25.014,+130.514,+186.036
1784,+25.441,+134.641,+188.508
1785,+27.165,+130.110,+187.039
1786,+30.375,+132.582,+186.444
1787,+28.545,+136.301,+187.371
1788,+20.567,+136.926,+182.070
1789,+35.421,+133.346,+187.682
1790,+14.002,+146.041,+188.266
1791,+26.367,+126.446,+188.101
1792,+23.283,+136.299,+184.644
1793,+37.829,+114.123,+188.645
1794,+46.665,+113.909,+188.938
1795,+20.709,+143.346,+186.689
1796,+30.935,+122.335,+189.800
1797,+19.642,+149.033,+182.852
1798,+17.209,+132.168,+187.458
1799,+42.165,+113.153,+180.685
1800,-69.819,+1000.052,+189.589
1801,+30.957,+129.682,+187.940
1802,+31.217,+125.907,+190.372
1803,+29.544,+127.021,+186.181
1804,+22.791,+133.670,+189.511
1805,+13.388,+179.035,+184.392
1806,+28.642,+125.458,+185.823
1807,+33.087,+129.120,+183.514
1808,+29.598,+125.955,+185.898
1809,+34.144,+132.658,+186.141
1810,+31.827,+127.938,+189.608
1811,+31.386,+124.639,+184.884
1812,+30.806,+125.724,+191.023
1813,+19.099,+139.660,+187.212
1814,+32.943,+125.665,+189.619
1815,+42.304,+116.581,+186.265
1816,+24.629,+132.881,+185.197
1817,+23.987,+147.256,+190.844
1818,+20.483,+149.307,+185.833
1819,+25.065,+123.520,+186.300
1820,+31.466,+119.561,+185.734
1821,+28.611,+125.848,+186.539
1822,+37.871,+117.691,+188.811
1823,+17.873,+145.089,+186.967
1824,+35.525,+118.314,+186.355
1825,+39.567,+117.385,+188.833
1826,+26.503,+123.426,+187.064
1827,+20.074,+131.036,+190.772
1828,+27.127,+123.401,+185.616
1829,+29.338,+126.768,+187.460
1830,+28.810,+121.925,+183.798
1831,+27.143,+124.951,+188.874
1832,+29.622,+124.526,+187.566
1833,+22.381,+137.363,+187.443
1834,+23.404,+139.817,+187.855
1835,+30.621,+128.356,+186.568
1836,+24.399,+143.242,+188.276
1837,-0.877,+205.183,+186.223
1838,+17.228,+138.592,+183.969
1839,+18.851,+131.215,+188.577
1840,+19.958,+153.550,+185.200
1841,+29.907,+129.760,+186.657
1842,+33.723,+124.843,+187.994
1843,+24.893,+126.709,+189.507
1844,+22.134,+128.382,+188.295
1845,+26.629,+124.264,+188.516
1846,+33.814,+125.013,+186.697
1847,+20.450,+140.576,+185.398
1848,+25.558,+144.117,+187.221
1849,+15.317,+143.537,+187.061
1850,+32.688,+127.437,+188.191
1851,+29.858,+125.074,+186.662
1852,+29.607,+129.084,+189.337
1853,+27.360,+124.907,+187.482
1854,+39.617,+116.547,+186.408
1855,+13.277,+142.667,+186.085
1856,+27.598,+126.569,+184.428
1857,+36.479,+119.653,+187.797
1858,+34.013,+121.644,+187.112
1859,+30.287,+122.629,+185.615
1860,+25.001,+127.593,+188.344
1861,-13.493,+261.843,+188.022
1862,+5.811,+158.101,+187.574
1863,+32.740,+125.151,+186.533
1864,+40.379,+115.078,+186.635
1865,+34.387,+133.465,+187.343
1866,+29.580,+134.801,+188.266
1867,+28.686,+130.266,+191.207
1868,+12.222,+143.020,+188.931
1869,+25.813,+137.198,+189.821
1870,+29.299,+120.574,+185.572
1871,+31.354,+133.810,+190.967
1872,+23.614,+131.194,+188.592
1873,+33.730,+118.582,+188.632
1874,+35.089,+123.875,+188.661
1875,+33.135,+120.831,+182.843
1876,+28.731,+127.898,+186.743
1877,+24.711,+134.971,+190.117
1878,+30.466,+119.945,+184.061
1879,+38.393,+121.127,+187.121
1880,+27.193,+129.501,+188.858
1881,+31.608,+138.231,+188.387
1882,+27.612,+130.020,+189.186
1883,+34.801,+119.296,+182.711
1884,+17.304,+150.710,+186.030
1885,+26.136,+126.684,+185.050
1886,+20.161,+145.203,+188.681
1887,-87.929,+1235.226,+189.622
1888,+18.114,+165.812,+191.407
1889,+28.190,+126.907,+184.753
1890,+21.110,+132.311,+185.387
1891,+18.496,+165.695,+185.652
1892,+42.400,+115.413,+187.397
1893,+23.297,+129.556,+186.732
1894,+23.884,+136.130,+185.792
1895,+37.033,+123.129,+187.300
1896,+29.993,+128.173,+190.227
1897,+34.624,+118.063,+188.633
1898,+24.052,+132.581,+185.270
1899,+16.107,+144.067,+189.295
1900,+30.153,+124.270,+187.408
1901,+17.171,+160.150,+185.315
1902,+35.555,+119.677,+186.879
1903,+31.102,+126.578,+189.474
1904,+30.200,+121.071,+187.509
1905,+26.632,+129.930,+185.585
1906,+23.164,+140.764,+189.678
1907,+34.799,+123.943,+187.051
1908,+27.393,+119.614,+188.352
1909,+36.071,+127.288,+188.596
1910,+23.765,+125.443,+186.680
1911,+33.134,+130.862,+187.945
1912,+28.866,+128.523,+185.418
1913,+14.726,+165.028,+185.650
1914,+29.899,+124.892,+184.187
1915,+24.818,+141.166,+186.916
1916,+24.627,+133.053,+187.890
1917,+31.638,+132.011,+187.049
1918,+32.081,+122.144,+187.725
1919,+28.744,+125.878,+188.373
1920,+25.428,+127.816,+187.646
1921,+27.901,+138.258,+187.104
1922,+33.411,+122.070,+187.969
1923,+29.820,+131.043,+186.750
1924,+34.373,+121.381,+182.250
1925,+23.447,+140.926,+185.994
1926,+23.521,+131.305,+188.669
1927,+16.172,+143.571,+187.052
1928,+25.920,+139.631,+190.447
1929,+23.163,+124.183,+188.212
1930,+31.665,+124.734,+184.938
1931,+29.473,+122.153,+187.172
1932,+31.088,+134.134,+187.489
1933,+16.524,+179.395,+188.186
1934,+32.582,+134.668,+186.989
1935,+28.386,+130.647,+190.455
1936,+40.036,+116.992,+189.209
1937,+30.218,+127.069,+187.838
1938,+29.036,+142.889,+187.150
1939,+24.141,+132.976,+190.892
1940,+25.633,+134.863,+190.729
1941,+28.986,+126.181,+191.397
1942,+28.792,+122.793,+187.859
1943,+23.190,+138.980,+185.109
1944,+16.106,+146.823,+187.254
1945,+33.089,+124.635,+190.289
1946,+36.344,+119.168,+188.235
1947,+9.806,+205.208,+189.644
1948,+22.532,+133.426,+189.630
1949,+24.126,+135.821,+186.395
1950,+30.169,+125.871,+187.761
1951,+33.362,+119.939,+188.549
1952,+34.944,+129.580,+188.923
1953,+29.823,+123.413,+185.594
1954,+26.619,+128.774,+188.968
1955,+22.592,+144.137,+188.852
1956,+26.959,+123.141,+188.706
1957,+36.738,+119.269,+187.972
1958,+22.658,+129.109,+189.527
1959,+37.088,+127.743,+187.767
1960,+30.598,+129.645,+191.401
1961,+25.792,+130.063,+186.846
1962,+35.076,+116.967,+186.660
1963,+22.176,+139.708,+186.237
1964,+26.604,+141.226,+186.239
1965,+34.680,+125.374,+187.508
1966,+36.046,+120.619,+187.680
1967,+40.515,+117.243,+192.918
1968,+26.556,+134.143,+191.699
1969,+19.743,+149.508,+190.538
1970,+25.684,+137.820,+187.920
1971,+35.943,+123.557,+185.359
1972,+10.846,+183.855,+189.376
1973,+35.017,+127.584,+187.913
1974,+30.223,+133.077,+187.916
1975,+25.099,+123.494,+187.166
1976,+28.086,+137.067,+189.747
1977,+24.935,+140.137,+185.991
1978,+19.777,+130.856,+188.712
1979,+33.516,+131.059,+191.466
1980,+33.831,+125.820,+186.888
1981,+21.844,+142.910,+188.303
1982,+24.812,+136.777,+187.268
1983,+30.111,+130.718,+189.226
1984,+17.745,+160.759,+187.839
1985,+10.092,+185.621,+188.751
1986,+26.234,+134.950,+189.278
1987,+31.028,+121.251,+191.406
1988,+32.448,+128.775,+190.078
1989,+28.308,+125.639,+185.710
1990,+15.136,+133.990,+187.164
1991,+42.231,+112.940,+187.970
1992,+33.393,+130.568,+188.642
1993,+23.163,+130.931,+190.518
1994,+23.189,+136.729,+187.572
1995,+35.817,+128.993,+192.055
1996,+28.389,+138.432,+186.234
1997,+34.187,+128.738,+191.125
1998,+38.558,+115.412,+185.708
1999,+33.615,+126.240,+186.389
2000,+13.744,+158.618,+191.940
2001,+32.285,+133.738,+188.003
2002,+26.922,+124.363,+188.006
2003,+26.705,+134.355,+186.434
2004,+33.377,+127.222,+192.383
2005,+25.562,+129.465,+189.414
2006,+34.286,+129.461,+189.111
2007,+30.520,+122.944,+186.995
2008,+20.427,+167.386,+189.800
2009,+30.787,+125.961,+187.070
2010,+25.380,+130.643,+187.486
2011,+21.985,+142.053,+188.894
2012,+18.628,+144.054,+190.109
2013,+28.264,+121.265,+190.696
2014,+30.564,+125.812,+185.498
2015,+28.309,+127.581,+186.074
2016,+34.190,+133.416,+187.932
2017,+33.245,+124.495,+188.004
2018,+23.128,+143.121,+186.314
2019,+23.282,+128.331,+189.687
2020,+28.552,+129.364,+191.582
2021,+26.325,+129.180,+186.908
2022,+22.390,+133.778,+188.630
2023,+24.762,+137.896,+188.344
2024,+29.251,+129.159,+189.383
2025,+4.391,+217.687,+186.938
2026,+23.927,+136.535,+189.965
2027,+16.817,+145.237,+189.002
2028,+30.582,+137.904,+190.551
2029,+40.354,+115.687,+190.682
2030,+27.346,+138.425,+188.337
2031,+26.201,+130.000,+186.148
2032,+20.606,+135.038,+186.822
2033,+24.748,+125.805,+189.920
2034,+25.410,+132.855,+190.402
2035,+9.475,+169.352,+189.937
2036,+25.047,+135.471,+187.166
2037,+30.073,+132.736,+192.235
2038,+33.277,+124.304,+187.233
2039,+30.822,+125.533,+187.314
2040,+24.192,+148.044,+190.592
2041,+26.487,+139.185,+191.183
2042,+30.523,+176.427,+188.786
2043,+22.505,+126.197,+186.914
2044,+25.167,+128.815,+186.004
2045,+6.341,+175.754,+188.137
2046,+25.439,+129.947,+188.238
2047,+26.854,+135.139,+188.163
2048,+18.860,+131.589,+188.034
2049,+30.145,+128.092,+190.100
2050,+27.898,+136.310,+188.382
2051,+33.392,+125.342,+189.598
2052,+23.739,+136.385,+190.484
2053,+31.897,+127.128,+189.883
2054,+10.824,+155.805,+186.625
2055,+17.054,+169.317,+187.399
2056,+30.250,+124.934,+186.223
2057,+19.534,+134.251,+187.580
2058,+19.414,+141.439,+188.967
2059,+20.398,+138.320,+186.396
2060,+14.476,+185.705,+186.993
2061,+32.796,+121.052,+190.523
2062,+27.208,+123.571,+186.828
2063,+21.700,+139.153,+189.314
2064,+22.260,+141.341,+189.971
2065,+34.033,+118.420,+193.049
2066,+42.542,+115.541,+192.765
2067,+28.207,+127.918,+186.819
2068,+26.425,+136.756,+187.475
2069,+15.519,+149.088,+187.572
2070,+22.327,+134.240,+190.051
2071,+31.539,+122.697,+183.764
2072,+23.257,+132.913,+186.053
2073,+25.929,+133.799,+190.677
2074,+31.061,+128.630,+188.469
2075,+31.803,+121.558,+187.824
2076,+28.495,+121.582,+185.959
2077,+32.212,+125.288,+186.991
2078,+13.457,+146.592,+187.735
2079,+21.653,+139.084,+186.826
2080,+27.096,+141.922,+190.977
2081,+26.771,+122.156,+188.402
2082,+31.044,+130.471,+189.538
2083,+16.259,+144.785,+188.853
2084,+18.480,+139.151,+186.916
2085,+27.255,+122.688,+189.220
2086,+21.746,+130.039,+186.720
2087,+25.322,+131.464,+188.044
2088,+38.149,+122.046,+191.034
2089,+17.932,+139.648,+187.960
2090,+40.374,+119.892,+190.033
2091,+18.544,+133.287,+189.585
2092,+28.290,+130.317,+191.424
2093,+35.381,+123.109,+190.646
2094,+34.183,+121.536,+189.653
2095,+43.121,+113.019,+187.642
2096,+37.751,+123.719,+189.401
2097,+36.124,+128.340,+190.108
2098,+38.447,+119.922,+192.004
2099,+34.996,+125.635,+190.899
2100,+34.015,+139.411,+191.838
2101,+32.826,+128.550,+187.125
2102,+19.534,+147.648,+191.061
2103,+28.085,+128.753,+187.575
2104,+24.285,+130.637,+192.433
2105,+22.787,+157.788,+189.483
2106,+38.170,+117.471,+190.011
2107,+22.545,+133.878,+188.490
2108,+7.964,+151.246,+189.741
2109,+24.678,+129.589,+189.934
2110,+26.248,+129.446,+188.771
2111,+23.718,+128.959,+187.567
2112,+24.471,+143.454,+186.746
2113,+21.465,+138.388,+191.186
2114,+29.630,+130.278,+191.261
2115,+31.581,+130.836,+187.960
2116,+25.249,+134.006,+189.283
2117,+27.663,+125.966,+189.291
2118,+20.856,+148.978,+188.542
2119,+25.254,+132.724,+188.597
2120,+27.253,+125.874,+190.582
2121,+31.969,+125.849,+188.502
2122,+29.801,+129.041,+189.882
2123,+37.847,+126.698,+191.731
2124,-90.509,+1229.961,+188.432
2125,+28.172,+127.871,+187.364
2126,+36.642,+123.545,+186.866
2127,+20.021,+140.272,+187.515
2128,+37.181,+122.498,+193.845
2129,+36.409,+119.441,+191.808
2130,+34.564,+121.562,+191.853
2131,+40.004,+113.404,+193.599
2132,+27.929,+122.418,+190.326
2133,+26.784,+135.195,+193.466
2134,+38.711,+115.207,+189.775
2135,+41.234,+119.285,+192.707
2136,+29.517,+131.083,+192.438
2137,+36.067,+116.965,+189.396
2138,+22.506,+142.468,+190.935
2139,+30.774,+128.642,+191.789
2140,+19.410,+134.309,+189.371
2141,+31.840,+125.311,+193.070
2142,+22.315,+137.218,+193.210
2143,+28.677,+125.210,+192.131
2144,+2.879,+215.415,+190.142
2145,+20.054,+134.409,+192.500
2146,+21.048,+138.170,+190.106
2147,+20.883,+130.471,+190.706
2148,+33.721,+126.539,+188.184
2149,+25.670,+124.329,+189.230
2150,+21.860,+140.138,+189.321
2151,+19.930,+143.002,+192.859
2152,+32.149,+125.273,+193.401
2153,+29.541,+129.242,+190.132
2154,+22.626,+148.569,+191.595
2155,+28.688,+137.270,+195.785
2156,+14.639,+145.064,+196.027
2157,+36.457,+118.768,+190.515
2158,+21.589,+142.537,+187.915
2159,+23.673,+133.352,+190.327
2160,+27.765,+130.087,+194.076
2161,+33.358,+125.566,+191.140
2162,+28.376,+134.526,+193.181
2163,+20.527,+142.440,+195.046
2164,+26.688,+133.888,+190.979
2165,+22.179,+143.795,+192.210
2166,+21.460,+157.031,+190.856
2167,+27.951,+126.745,+189.682
2168,+29.179,+129.761,+192.913
2169,+20.477,+144.043,+191.887
2170,+33.836,+130.902,+191.321
2171,+22.717,+130.109,+190.765
2172,+15.378,+156.025,+189.244
2173,+38.069,+116.374,+190.488
2174,+15.144,+150.034,+193.547
2175,+27.575,+122.197,+190.505
2176,+27.907,+128.905,+190.333
2177,+21.614,+126.061,+189.653
2178,+24.534,+133.266,+192.137
2179,+17.983,+132.284,+190.857
2180,+21.873,+138.961,+193.910
2181,+23.857,+125.395,+193.031
2182,+27.838,+140.695,+189.138
2183,+17.880,+149.075,+198.235
2184,+40.753,+122.451,+192.751
2185,+26.368,+132.917,+186.724
2186,+26.823,+134.484,+191.832
2187,+18.624,+135.814,+193.050
2188,+27.696,+123.365,+188.276
2189,+15.768,+141.248,+191.745
2190,+27.710,+132.251,+191.617
2191,+27.990,+180.726,+192.206
2192,+28.305,+123.821,+187.694
2193,+28.661,+121.521,+193.480
2194,+28.692,+126.906,+190.534
2195,+21.825,+146.493,+192.713
2196,+26.929,+127.529,+193.737
2197,+30.601,+127.732,+192.698
2198,+31.705,+131.651,+188.549
2199,+36.775,+125.130,+191.209
2200,+30.207,+121.842,+190.181
2201,+31.582,+131.699,+193.798
2202,+28.372,+135.614,+188.605
2203,+17.410,+142.965,+193.597
2204,+41.461,+120.239,+190.487
2205,+34.077,+120.157,+194.378
2206,+25.221,+140.520,+190.452
2207,+31.308,+127.163,+193.192
2208,+24.091,+135.006,+192.470
2209,+29.778,+130.396,+191.007
2210,+22.421,+133.324,+193.726
2211,+22.948,+129.335,+188.672
2212,+26.024,+139.931,+190.408
2213,+29.935,+124.260,+194.214
2214,+23.001,+140.097,+190.960
2215,+32.837,+125.362,+193.945
2216,+28.199,+128.476,+191.448
2217,+25.937,+135.391,+188.587
2218,+29.349,+134.765,+187.656
2219,+15.866,+161.727,+196.138
2220,+31.223,+125.969,+191.179
2221,+25.249,+131.795,+192.137
2222,+27.148,+125.589,+188.238
2223,+32.835,+127.747,+193.447
2224,+31.052,+129.608,+190.462
2225,+36.214,+123.087,+194.723
2226,+27.610,+135.880,+191.950
2227,+34.000,+124.342,+191.408
2228,+21.242,+142.163,+192.609
2229,+26.000,+125.258,+190.823
2230,+34.136,+129.752,+188.774
2231,+25.174,+137.758,+196.347
2232,+24.635,+134.682,+191.751
2233,+32.198,+133.594,+190.966
2234,+32.202,+144.730,+193.538
2235,+39.827,+120.072,+189.473
2236,+27.710,+129.060,+190.163
2237,+19.056,+147.660,+193.780
2238,+34.588,+129.423,+198.811
2239,+27.312,+147.080,+193.337
2240,+37.030,+131.500,+190.222
2241,+33.350,+126.013,+190.893
2242,+34.033,+132.959,+188.995
2243,+16.810,+150.121,+189.545
2244,+16.004,+144.559,+190.829
2245,+34.932,+135.066,+191.512
2246,+33.242,+120.505,+190.136
2247,+35.286,+119.711,+195.173
2248,+13.387,+160.807,+193.497
2249,+31.489,+125.608,+193.202
2250,+26.005,+144.051,+197.099
2251,+24.528,+129.349,+187.967
2252,+16.741,+152.922,+191.494
2253,+34.889,+121.766,+189.083
2254,+15.848,+147.593,+192.075
2255,+24.055,+134.314,+192.371
2256,+26.609,+141.998,+193.315
2257,+25.489,+147.334,+192.804
2258,+34.346,+123.265,+195.959
2259,+21.941,+142.607,+191.378
2260,+28.068,+130.049,+190.293
2261,+31.554,+126.552,+191.271
2262,+24.473,+136.508,+191.306
2263,+22.615,+137.633,+192.830
2264,+24.541,+131.939,+194.052
2265,+31.993,+125.992,+188.213
2266,+30.826,+127.298,+191.731
2267,+31.020,+133.457,+188.846
2268,+26.241,+126.097,+190.641
2269,+29.587,+130.495,+194.340
2270,+30.975,+126.633,+192.342
2271,+27.892,+131.468,+194.175
2272,+30.293,+129.561,+191.993
2273,+37.488,+118.504,+187.908
2274,+32.438,+130.976,+193.400
2275,+29.569,+140.603,+192.576
2276,+32.115,+128.639,+194.363
2277,+21.175,+136.938,+187.148
2278,+30.774,+130.074,+196.111
2279,+35.352,+122.843,+189.993
2280,+28.569,+131.292,+191.948
2281,+24.927,+132.139,+190.292
2282,+35.538,+130.121,+191.534
2283,+26.286,+139.659,+192.615
2284,+20.098,+136.136,+190.220
2285,+21.801,+144.335,+192.415
2286,+32.806,+123.250,+192.959
2287,+15.068,+209.132,+193.579
2288,+20.030,+136.238,+191.362
2289,+22.109,+128.618,+189.276
2290,+19.778,+147.811,+193.827
2291,+17.725,+137.860,+190.761
2292,+28.506,+130.112,+194.189
2293,+18.277,+136.593,+191.051
2294,+26.643,+125.315,+191.412
2295,+30.714,+122.392,+190.245
2296,+25.337,+136.176,+193.221
2297,+34.528,+124.209,+192.844
2298,+31.482,+129.639,+193.468
2299,+28.678,+121.785,+191.993
2300,+35.488,+123.846,+192.769
2301,+28.776,+127.187,+190.960
2302,+33.794,+126.663,+190.797
2303,+32.335,+134.622,+191.919
2304,+32.504,+131.923,+192.517
2305,+29.250,+128.415,+191.550
2306,+30.156,+123.938,+194.731
2307,+32.359,+133.820,+190.894
2308,+31.730,+127.911,+192.460
2309,+34.827,+125.024,+190.488
2310,+27.473,+156.640,+197.509
2311,+22.301,+151.703,+194.289
2312,+39.027,+118.209,+197.623
2313,+27.735,+129.621,+192.100
2314,+31.886,+130.636,+190.796
2315,+14.249,+134.525,+198.434
2316,+26.062,+126.535,+191.268
2317,+35.838,+120.068,+193.324
2318,+39.058,+136.470,+189.877
2319,+37.881,+125.223,+192.389
2320,+19.779,+147.885,+192.838
2321,+34.991,+124.739,+192.431
2322,+21.872,+138.139,+193.609
2323,+17.688,+174.969,+194.961
2324,+16.864,+198.867,+189.867
2325,+31.845,+128.904,+192.483
2326,+22.039,+136.277,+192.439
2327,+35.480,+127.043,+189.564
2328,+18.701,+143.574,+192.553
2329,+28.418,+124.303,+188.282
2330,+25.585,+151.951,+192.263
2331,+22.343,+132.456,+191.242
2332,+14.798,+154.487,+193.087
2333,+37.832,+117.981,+191.005
2334,+21.012,+147.352,+191.586
2335,+32.834,+122.602,+189.680
2336,+18.382,+133.984,+192.482
2337,+21.611,+194.260,+196.797
2338,+24.472,+131.470,+189.367
2339,+22.537,+135.158,+191.649
2340,+29.975,+144.373,+195.692
2341,+33.813,+121.384,+194.024
2342,+32.092,+127.294,+190.395
2343,+42.094,+115.374,+194.875
2344,+20.179,+145.866,+196.212
2345,+29.576,+125.266,+191.656
2346,+28.896,+154.694,+188.377
2347,+30.694,+123.936,+189.958
2348,+32.061,+124.396,+191.238
2349,+22.138,+132.950,+189.266
2350,+20.189,+145.123,+190.072
2351,+36.024,+126.872,+192.270
2352,+27.024,+130.835,+193.277
2353,+41.460,+118.602,+189.575
2354,+40.130,+123.167,+190.038
2355,+28.752,+132.640,+191.726
2356,+36.175,+118.308,+190.687
2357,+31.262,+125.154,+192.033
2358,+29.721,+149.287,+192.984
2359,+17.861,+137.886,+193.517
2360,+30.728,+125.547,+193.656
2361,+27.896,+135.352,+191.442
2362,+15.465,+154.458,+192.725
2363,+33.377,+125.652,+192.656
2364,+30.445,+139.003,+191.780
2365,+32.783,+126.498,+189.295
2366,+26.393,+143.378,+193.046
2367,+29.761,+136.305,+194.909
2368,+34.641,+137.275,+196.416
2369,+30.960,+125.950,+194.035
2370,+33.120,+127.292,+192.219
2371,+19.774,+152.479,+192.937
2372,+40.795,+123.541,+191.141
2373,+36.093,+124.213,+191.715
2374,+37.972,+121.764,+191.477
2375,+29.843,+131.359,+193.416
2376,+33.092,+130.822,+192.912
2377,+39.500,+118.678,+198.610
2378,+37.361,+124.014,+193.079
2379,+39.616,+124.914,+191.771
2380,+29.042,+124.616,+190.870
2381,+40.786,+121.655,+193.098
2382,+22.948,+131.098,+189.320
2383,+36.787,+121.132,+195.336
2384,+37.812,+125.379,+190.821
2385,+26.142,+143.137,+192.260
2386,+40.345,+124.086,+195.649
2387,+36.727,+130.860,+190.155
2388,+38.571,+119.500,+194.830
2389,+34.279,+122.764,+190.218
2390,+41.218,+116.590,+190.439
2391,+38.906,+126.582,+193.691
2392,+38.346,+123.471,+196.640
2393,+31.256,+130.941,+192.788
2394,+35.158,+127.706,+195.899
2395,+23.502,+136.403,+188.918
2396,+29.924,+127.385,+191.118
2397,+32.749,+125.865,+189.353
2398,+29.905,+131.410,+197.181
2399,+44.183,+114.234,+196.147
2400,+30.143,+124.831,+194.986
2401,+36.183,+122.160,+196.799
2402,+30.941,+129.461,+193.117
2403,+33.859,+138.007,+192.004
2404,+31.258,+124.319,+190.917
2405,+31.947,+132.386,+195.774
2406,+30.743,+130.481,+194.060
2407,+15.643,+193.938,+188.371
2408,+24.338,+136.841,+194.369
2409,+33.361,+128.557,+194.987
2410,+21.906,+132.830,+192.890
2411,+28.307,+133.169,+193.659
2412,+21.899,+145.173,+196.757
2413,+36.657,+121.007,+193.003
2414,+25.973,+135.381,+193.738
2415,+37.250,+122.027,+194.035
2416,+29.899,+132.435,+192.540
2417,+30.879,+126.878,+192.658
2418,+36.730,+125.738,+190.292
2419,+24.503,+132.662,+190.178
2420,+35.945,+121.818,+192.218
2421,+30.194,+133.755,+192.750
2422,+26.776,+140.153,+190.489
2423,+27.884,+142.333,+191.408
2424,+32.880,+123.752,+190.142
2425,+27.089,+137.633,+195.593
2426,+24.979,+133.202,+189.161
2427,+20.454,+159.706,+190.378
2428,+29.918,+126.738,+193.847
2429,+25.405,+136.269,+193.323
2430,+29.280,+130.589,+192.706
2431,+34.521,+120.701,+194.902
2432,+33.459,+128.215,+194.506
2433,+16.115,+142.944,+192.155
2434,+34.189,+129.924,+191.753
2435,+36.603,+127.952,+192.787
2436,+39.991,+119.286,+190.687
2437,+34.884,+125.207,+191.938
2438,+22.371,+138.834,+192.951
2439,+25.621,+142.167,+191.134
2440,+31.109,+131.654,+195.768
2441,+39.311,+119.334,+193.722
2442,+30.794,+130.896,+190.374
2443,+22.766,+157.334,+194.258
2444,+22.487,+165.164,+194.384
2445,+22.475,+131.633,+195.432
2446,+22.938,+138.418,+195.220
2447,+29.611,+131.796,+190.964
2448,+11.642,+157.432,+194.574
2449,+25.572,+130.968,+195.538
2450,+17.292,+165.541,+193.435
2451,+36.549,+126.135,+189.868
2452,+29.628,+147.079,+192.455
2453,+32.929,+135.889,+194.523
2454,+26.540,+141.431,+193.199
2455,+44.369,+116.020,+191.977
2456,+32.520,+123.678,+191.530
2457,+28.512,+141.257,+194.414
2458,+41.359,+116.598,+190.666
2459,+24.356,+143.504,+193.359
2460,+29.421,+132.694,+192.515
2461,+34.849,+122.817,+189.397
2462,+37.214,+119.226,+190.649
2463,+48.227,+119.184,+192.376
2464,+28.231,+137.274,+191.754
2465,+32.601,+125.835,+194.819
2466,+32.084,+144.066,+193.867
2467,+36.514,+139.050,+193.223
2468,+28.033,+138.003,+193.228
2469,+29.780,+131.030,+191.171
2470,+33.061,+128.697,+189.456
2471,+15.016,+168.211,+189.616
2472,+32.064,+124.649,+193.212
2473,+36.459,+119.039,+195.935
2474,+38.253,+130.805,+190.831
2475,+17.957,+150.033,+192.547
2476,+35.167,+127.409,+195.661
2477,+37.639,+127.509,+194.140
2478,+28.589,+125.802,+192.382
2479,+30.672,+123.759,+189.933
2480,+38.493,+123.841,+194.842
2481,+26.482,+132.264,+191.058
2482,+16.464,+134.319,+193.273
2483,+35.675,+123.686,+194.030
2484,+30.209,+127.493,+192.828
2485,+21.451,+140.843,+194.429
2486,+38.562,+126.366,+191.703
2487,+41.760,+118.263,+193.137
2488,+36.779,+129.532,+192.147
2489,+36.614,+127.476,+192.805
2490,+22.220,+135.942,+194.987
2491,+17.447,+141.782,+194.480
2492,+29.987,+128.226,+194.027
2493,+39.391,+121.199,+190.173
2494,+13.572,+197.291,+191.454
2495,+37.383,+124.032,+191.033
2496,+26.000,+128.119,+199.855
2497,+28.097,+134.320,+194.167
2498,+38.320,+120.852,+194.021
2499,+33.989,+126.971,+192.509
2500,+25.341,+134.805,+194.842
2501,+32.564,+128.512,+188.781
2502,+34.868,+125.601,+195.500
2503,+27.557,+134.937,+193.620
2504,+26.477,+134.963,+197.264
2505,+36.804,+124.213,+189.754
2506,+35.835,+125.463,+194.475
2507,+31.828,+128.270,+191.944
2508,+37.233,+124.704,+191.481
2509,+31.627,+125.950,+191.397
2510,+29.885,+129.698,+194.078
2511,+31.770,+128.948,+192.482
2512,+30.327,+126.952,+191.056
2513,+24.153,+154.728,+193.777
2514,+27.803,+131.570,+193.228
2515,+32.393,+128.149,+196.816
2516,+31.518,+126.474,+192.679
2517,+10.657,+201.627,+190.838
2518,+31.734,+135.676,+193.578
2519,+24.530,+150.759,+193.168
2520,+30.095,+132.573,+195.971
2521,+46.536,+119.070,+192.669
2522,+26.759,+140.465,+192.834
2523,+29.838,+135.196,+193.130
2524,+43.899,+119.876,+195.171
2525,+35.714,+125.115,+192.256
2526,+31.616,+130.884,+191.833
2527,+29.676,+128.675,+197.041
2528,+31.463,+128.786,+195.629
2529,+25.610,+129.049,+194.462
2530,+26.265,+133.331,+196.481
2531,+30.865,+126.273,+194.324
2532,+20.385,+143.818,+191.607
2533,+21.611,+159.030,+191.249
2534,+33.698,+124.759,+194.859
2535,+38.662,+121.349,+193.727
2536,+26.969,+134.556,+192.443
2537,+27.393,+146.249,+190.166
2538,+29.673,+149.760,+191.648
2539,+24.468,+131.352,+193.352
2540,+19.547,+156.051,+194.621
2541,+36.448,+129.228,+195.394
2542,+28.007,+131.808,+193.709
2543,+29.016,+137.198,+189.740
2544,+30.384,+128.759,+190.833
2545,+35.782,+121.733,+194.176
2546,+30.185,+135.993,+191.572
2547,+31.688,+128.193,+193.086
2548,+28.800,+135.124,+190.244
2549,+35.219,+126.336,+198.989
2550,+20.830,+165.470,+190.854
2551,+44.029,+116.259,+190.544
2552,+33.236,+131.634,+190.230
2553,+20.840,+140.452,+194.527
2554,+35.098,+126.954,+195.260
2555,+25.148,+135.615,+194.370
2556,+32.860,+128.616,+194.781
2557,+45.201,+112.850,+193.928
2558,+44.327,+121.623,+194.532
2559,+31.736,+127.340,+194.468
2560,+20.312,+219.391,+194.659
2561,+44.447,+117.765,+194.561
2562,+33.733,+130.456,+192.723
2563,+25.002,+136.724,+193.353
2564,+22.180,+153.333,+194.203
2565,+33.368,+124.684,+195.134
2566,+31.520,+133.357,+191.590
2567,+37.110,+122.053,+192.602
2568,+33.175,+135.461,+193.144
2569,+44.345,+114.943,+190.473
2570,+37.343,+125.100,+193.051
2571,+20.828,+143.377,+192.209
2572,+24.133,+140.665,+197.553
2573,+28.270,+133.405,+191.174
2574,+26.360,+128.865,+194.375
2575,+30.055,+129.472,+194.248
2576,+37.753,+126.490,+192.679
2577,+33.106,+127.080,+194.518
2578,+26.452,+133.413,+193.329
2579,+31.197,+122.908,+193.146
2580,+28.997,+124.618,+192.188
2581,+33.210,+132.198,+195.103
2582,+23.247,+141.137,+191.059
2583,+23.181,+136.316,+195.309
2584,+29.364,+129.606,+193.999
2585,+32.275,+133.939,+192.738
2586,+17.558,+150.467,+190.109
2587,+23.621,+130.087,+192.242
2588,+36.166,+127.719,+190.899
2589,+26.176,+145.737,+189.410
2590,+38.389,+121.184,+193.501
2591,+33.303,+123.282,+196.759
2592,+16.697,+163.739,+194.559
2593,+28.172,+131.698,+193.669
2594,+24.955,+136.245,+192.251
2595,+29.404,+127.779,+193.584
2596,+32.171,+132.586,+194.546
2597,+12.928,+202.899,+193.710
2598,+37.859,+122.905,+192.802
2599,+32.728,+135.923,+194.040
2600,+38.961,+123.639,+193.962
2601,+26.884,+129.853,+196.186
2602,+30.801,+122.828,+194.639
2603,+32.011,+130.303,+193.744
2604,+38.406,+123.333,+194.542
2605,+25.017,+136.848,+193.252
2606,+38.535,+119.997,+192.385
2607,+37.261,+123.975,+194.019
2608,+31.423,+126.607,+194.737
2609,+31.783,+125.960,+193.999
2610,+30.622,+126.049,+195.568
2611,+33.627,+122.165,+192.777
2612,+20.621,+139.030,+193.934
2613,+33.902,+129.592,+196.982
2614,+40.466,+122.564,+194.875
2615,+31.542,+130.169,+195.222
2616,+30.242,+136.405,+194.253
2617,+31.807,+129.710,+192.789
2618,+38.053,+127.298,+193.553
2619,+25.020,+138.639,+193.917
2620,+33.413,+122.439,+194.487
2621,+30.014,+168.973,+194.842
2622,+12.905,+149.824,+195.070
2623,+33.180,+119.801,+193.857
2624,+23.415,+135.134,+195.392
2625,+34.240,+128.496,+193.978
2626,+27.086,+142.590,+194.276
2627,+40.732,+115.842,+195.835
2628,+27.713,+141.631,+194.827
2629,+23.665,+144.940,+195.587
2630,+29.075,+130.384,+192.623
2631,+24.257,+133.573,+198.695
2632,+33.014,+126.337,+194.903
2633,+37.634,+122.603,+197.454
2634,+14.846,+155.193,+193.318
2635,+19.405,+139.868,+193.765
2636,+28.527,+142.460,+193.952
2637,+34.935,+123.192,+193.979
2638,+25.611,+139.604,+196.471
2639,+28.721,+131.942,+194.613
2640,+32.409,+127.226,+194.156
2641,+35.651,+126.135,+196.458
2642,+26.080,+128.047,+195.600
2643,+28.053,+130.715,+196.142
2644,+27.296,+140.100,+195.537
2645,+24.369,+144.267,+196.836
2646,+34.486,+120.622,+193.922
2647,+36.811,+128.590,+195.995
2648,+27.035,+170.809,+193.119
2649,+25.205,+145.902,+195.360
2650,+37.877,+115.372,+196.259
2651,+28.681,+130.227,+194.248
2652,+45.192,+119.534,+194.642
2653,+30.028,+133.284,+194.563
2654,+24.732,+125.020,+193.053
2655,+17.535,+144.014,+195.852
2656,+21.193,+147.839,+195.562
2657,+39.472,+120.773,+193.531
2658,+26.746,+148.584,+195.595
2659,+20.992,+139.569,+197.354
2660,+17.827,+146.690,+191.305
2661,+32.162,+132.160,+195.389
2662,+37.710,+123.898,+196.126
2663,+32.478,+137.709,+190.702
2664,+29.527,+129.489,+194.884
2665,+34.888,+122.786,+194.861
2666,+36.183,+129.192,+193.726
2667,+40.377,+117.884,+196.746
2668,+22.588,+144.588,+194.054
2669,+28.642,+130.091,+193.285
2670,+20.810,+185.158,+193.606
2671,+38.881,+123.742,+196.502
2672,+23.093,+134.528,+195.102
2673,+33.233,+124.182,+194.496
2674,+41.653,+113.085,+192.923
2675,+23.090,+148.068,+194.265
2676,+16.891,+164.049,+191.981
2677,+21.915,+138.696,+192.050
2678,+35.231,+131.637,+194.299
2679,+19.543,+134.878,+193.847
2680,+38.098,+122.096,+195.426
2681,+27.236,+130.686,+192.457
2682,+29.189,+131.990,+194.029
2683,+30.531,+124.438,+195.522
2684,-2.461,+404.044,+194.967
2685,+30.815,+157.210,+194.857
2686,+9.941,+168.950,+194.049
2687,+30.732,+129.612,+192.569
2688,+23.016,+139.806,+192.651
2689,+29.111,+127.129,+194.094
2690,+42.457,+120.929,+195.749
2691,+26.490,+137.333,+193.743
2692,+24.841,+145.008,+193.540
2693,+26.498,+138.339,+196.387
2694,+16.419,+155.958,+195.767
2695,+33.495,+122.825,+193.720
2696,+23.953,+147.248,+195.009
2697,+40.972,+119.240,+196.992
2698,+38.517,+123.913,+195.552
2699,+12.616,+215.863,+194.039
2700,+35.042,+124.253,+195.185
2701,+29.268,+132.794,+194.932
2702,+26.998,+137.675,+192.554
2703,+37.437,+129.054,+194.129
2704,+28.672,+128.439,+193.327
2705,+33.676,+138.655,+194.723
2706,+37.506,+121.938,+193.930
2707,+29.422,+134.170,+193.196
2708,+37.772,+121.256,+197.119
2709,+42.450,+119.389,+196.027
2710,+36.291,+122.158,+192.267
2711,+27.643,+130.294,+195.244
2712,+34.455,+125.323,+196.255
2713,+31.066,+147.640,+193.843
2714,+15.302,+150.367,+194.983
2715,+21.122,+151.904,+197.140
2716,+27.648,+127.741,+197.182
2717,+27.152,+128.753,+195.000
2718,+23.731,+134.055,+197.140
2719,+31.281,+129.683,+197.158
2720,+29.812,+133.053,+193.992
2721,+11.075,+237.375,+194.212
2722,+24.792,+137.943,+192.960
2723,+31.542,+131.360,+197.099
2724,+26.083,+140.089,+195.748
2725,+27.247,+143.109,+194.111
2726,+20.270,+162.125,+193.330
2727,+35.836,+126.560,+194.485
2728,+33.072,+125.497,+193.411
2729,+37.123,+123.596,+196.912
2730,+26.359,+132.654,+193.374
2731,+34.178,+122.520,+196.964
2732,+40.330,+120.999,+194.821
2733,+32.874,+127.723,+193.805
2734,+12.560,+153.708,+195.736
2735,+40.813,+119.253,+197.943
2736,+25.128,+146.136,+196.162
2737,+30.212,+129.225,+195.051
2738,+27.910,+127.039,+194.127
2739,+21.699,+223.687,+196.903
2740,+34.645,+133.719,+192.506
2741,+31.416,+129.233,+194.307
2742,+34.169,+126.681,+195.227
2743,+27.001,+143.308,+196.851
2744,+30.178,+125.943,+197.620
2745,+28.535,+131.406,+194.084
2746,+43.398,+120.957,+194.890
2747,+34.176,+126.369,+195.788
2748,+27.504,+136.805,+194.545
2749,+17.405,+214.154,+195.278
2750,+36.272,+122.821,+195.410
2751,+16.907,+152.021,+193.313
2752,+32.928,+130.759,+194.119
2753,+25.464,+134.093,+194.327
2754,+30.934,+126.520,+195.153
2755,+17.878,+156.574,+195.188
2756,+29.521,+130.109,+194.153
2757,+35.985,+128.555,+193.065
2758,+29.904,+124.004,+192.475
2759,+35.990,+127.666,+195.014
2760,+29.735,+128.769,+196.240
2761,+43.751,+119.409,+193.928
2762,+22.196,+150.582,+196.328
2763,+31.305,+123.481,+194.619
2764,+36.470,+126.402,+195.849
2765,+41.098,+117.187,+195.227
2766,+41.460,+116.131,+195.204
2767,+29.202,+133.523,+195.837
2768,+34.935,+123.371,+193.470
2769,+38.787,+119.811,+193.294
2770,+26.465,+135.616,+196.570
2771,+37.508,+120.186,+192.894
2772,+23.363,+151.772,+196.868
2773,+37.259,+123.430,+196.156
2774,+28.385,+128.534,+197.067
2775,+43.283,+122.479,+195.210
2776,+37.812,+122.374,+197.228
2777,+3.923,+309.664,+198.030
2778,+38.142,+120.089,+194.674
2779,+26.771,+133.523,+194.310
2780,+36.220,+122.866,+195.445
2781,+23.832,+135.627,+193.744
2782,+31.819,+122.017,+194.186
2783,+33.788,+118.843,+196.648
2784,+33.917,+127.376,+197.040
2785,+38.183,+122.152,+196.249
2786,+29.554,+134.213,+194.525
2787,+46.249,+117.800,+193.314
2788,+28.077,+128.772,+195.964
2789,+17.148,+189.435,+195.852
2790,+24.386,+141.990,+194.889
2791,+38.143,+121.281,+192.991
2792,+21.040,+136.909,+196.292
2793,+35.339,+126.129,+196.091
2794,+33.479,+122.261,+195.293
2795,+34.564,+128.567,+192.366
2796,+32.587,+136.528,+197.831
2797,+26.474,+134.065,+192.075
2798,+33.341,+123.067,+194.054
2799,+33.578,+135.076,+196.472
2800,+39.404,+124.097,+193.432
2801,+22.587,+150.801,+194.572
2802,+22.190,+137.728,+193.855
2803,+46.990,+110.357,+195.067
2804,+35.102,+128.854,+195.036
2805,+31.617,+131.318,+194.211
2806,+36.938,+126.117,+195.090
2807,+24.634,+141.786,+195.238
2808,+34.190,+123.332,+198.835
2809,+25.626,+141.025,+194.475
2810,+32.851,+126.150,+193.443
2811,+37.133,+127.293,+196.238
2812,+33.053,+126.585,+195.313
2813,+44.488,+126.911,+194.548
2814,+36.211,+129.816,+194.948
2815,+33.474,+124.124,+192.777
2816,+20.407,+135.997,+195.310
2817,+15.073,+150.222,+195.064
2818,+35.777,+134.369,+199.165
2819,+30.111,+124.629,+194.292
2820,+19.760,+144.000,+194.778
2821,+38.948,+119.845,+197.526
2822,+36.888,+125.109,+196.202
2823,+29.816,+127.232,+193.321
2824,+5.974,+301.017,+196.221
2825,+27.573,+126.994,+193.044
2826,+27.736,+132.951,+196.087
2827,+17.024,+162.330,+194.114
2828,+32.467,+125.181,+194.891
2829,+33.987,+128.420,+195.846
2830,+35.536,+125.519,+195.938
2831,+38.202,+118.630,+192.515
2832,+30.730,+128.482,+194.129
2833,+35.873,+118.720,+197.990
2834,+29.789,+128.362,+196.628
2835,+22.743,+141.703,+194.183
2836,+3.196,+227.573,+194.035
2837,+28.097,+136.602,+193.661
2838,+39.261,+123.551,+193.556
2839,-7.691,+342.005,+192.216
2840,+22.895,+137.071,+196.609
2841,+22.618,+141.404,+194.175
2842,+22.374,+148.566,+192.730
2843,+34.175,+123.598,+195.251
2844,+26.502,+144.799,+195.389
2845,+27.876,+127.391,+194.017
2846,+51.436,+112.661,+195.568
2847,+29.712,+142.027,+193.560
2848,+35.255,+124.346,+193.310
2849,+19.618,+142.343,+193.285
2850,+23.139,+133.490,+197.876
2851,+25.468,+151.337,+197.370
2852,+37.864,+128.990,+193.469
2853,+36.385,+135.314,+195.040
2854,+23.325,+161.126,+192.082
2855,+29.098,+134.912,+192.572
2856,+24.615,+139.534,+194.004
2857,+23.114,+234.904,+198.577
2858,+37.778,+123.815,+197.007
2859,+22.241,+158.067,+193.503
2860,+39.792,+122.770,+197.495
2861,+29.372,+130.716,+195.056
2862,+41.050,+122.984,+194.359
2863,+25.826,+137.429,+195.342
2864,+22.367,+144.239,+195.236
2865,+32.449,+138.378,+193.163
2866,+32.803,+147.223,+192.527
2867,+36.726,+129.407,+197.314
2868,+38.189,+126.168,+197.289
2869,+22.835,+144.805,+195.690
2870,+45.019,+120.601,+194.801
2871,+37.219,+125.131,+194.963
2872,+11.125,+270.918,+193.459
2873,+20.789,+133.777,+194.439
2874,+17.205,+154.101,+194.150
2875,+31.436,+125.746,+195.716
2876,+40.773,+123.862,+192.870
2877,+32.173,+136.698,+196.354
2878,+45.708,+119.254,+192.255
2879,+26.832,+136.749,+193.238
2880,+27.535,+133.774,+194.414
2881,+43.634,+116.041,+193.387
2882,+33.562,+131.657,+193.904
2883,+28.949,+131.568,+194.377
2884,+22.281,+141.464,+196.207
2885,+36.799,+121.853,+194.104
2886,+38.828,+126.409,+193.856
2887,+21.425,+140.450,+194.111
2888,+25.048,+136.406,+195.142
2889,+33.643,+122.225,+196.869
2890,+38.797,+121.161,+193.490
2891,+30.544,+136.341,+196.003
2892,+25.087,+140.551,+195.211
2893,+23.187,+169.452,+193.386
2894,+25.705,+136.253,+194.650
2895,+37.605,+124.288,+198.600
2896,+28.581,+126.445,+196.163
2897,+25.248,+133.318,+195.198
2898,+42.305,+116.341,+197.909
2899,+31.005,+128.425,+196.752
2900,+34.883,+142.197,+193.663
2901,+32.535,+124.146,+195.268
2902,+30.826,+126.834,+194.442
2903,+40.689,+127.262,+195.846
2904,+42.435,+114.787,+195.477
2905,+17.832,+151.371,+194.510
2906,+27.802,+128.714,+193.636
2907,+32.165,+135.125,+192.660
2908,+26.814,+128.756,+197.280
2909,+23.350,+135.719,+194.919
2910,+32.182,+127.577,+195.154
2911,+29.050,+132.633,+196.685
2912,+37.314,+152.063,+198.105
2913,+34.841,+134.703,+193.728
2914,+12.007,+163.587,+195.047
2915,+39.978,+122.499,+198.056
2916,+45.239,+117.986,+194.491
2917,+27.910,+147.371,+194.800
2918,+18.781,+161.189,+196.024
2919,+21.909,+150.651,+197.168
2920,+37.154,+118.183,+193.973
2921,+36.736,+126.161,+197.488
2922,+38.300,+121.064,+194.689
2923,+36.589,+128.637,+196.555
2924,+37.188,+123.781,+193.620
2925,+29.116,+131.824,+195.215
2926,+24.343,+164.248,+196.012
2927,+29.862,+132.310,+191.311
2928,+32.650,+126.352,+194.425
2929,+28.117,+138.527,+194.602
2930,+31.046,+130.005,+194.965
2931,+39.936,+117.499,+194.444
2932,+33.643,+136.781,+194.070
2933,+28.248,+137.615,+193.341
2934,+33.749,+121.919,+195.667
2935,+33.762,+127.572,+194.646
2936,+33.121,+131.663,+193.115
2937,+30.626,+129.031,+193.529
2938,+15.225,+167.770,+198.935
2939,+22.895,+138.512,+194.355
2940,+29.757,+134.663,+195.074
2941,+35.586,+135.430,+200.270
